Brand,Model,Year,Price,KM_Driven,Fuel,Seller_Type,Transmission,Owner
Honda,Honda Amaze S i-Dtech,2019,315000,127884,Diesel,Dealer,Manual,First Owner
Tata,Tata,2014,1600000,3000,Diesel,Individual,Manual,First Owner
Maruti,Maruti,2015,475000,24600,Petrol,Dealer,Manual,First Owner
Nissan,Nissan Micra Active XV Petrol,2007,399000,30000,Petrol,Individual,Manual,First Owner
BMW,BMW 3 Series 320d Sport,2017,1490000,40000,Diesel,Dealer,Automatic,First Owner
Chevrolet,Chevrolet Cruze LTZ AT,2009,650000,50000,Diesel,Individual,Automatic,First Owner
Maruti,Maruti,2012,,,Petrol,,Manual,
Ford,Ford,2013,600000,,Diesel,,Manual,Second Owner
Chevrolet,Chevrolet,2011,159000,,Diesel,,Manual,First Owner
Hyundai,Hyundai Verna 1.6 VTVT AT S Option,2007,690000,80000,Petrol,Individual,Automatic,First Owner
Volkswagen,Volkswagen,2013,300000,,Diesel,,Manual,
Tata,Tata Indigo LX,,,,Diesel,Individual,Manual,Third Owner
Maruti,Maruti,2015,400000,35000,Petrol,Individual,Manual,First Owner
Fiat,Fiat Grande Punto EVO 1.3 Dynamic,2017,325000,70000,Diesel,Individual,Manual,First Owner
Maruti,Maruti,,,,,,,Second Owner
Hyundai,Hyundai Verna 1.6 SX,2018,409999,120000,Diesel,Individual,Manual,Third Owner
Hyundai,Hyundai Santro Era,2012,,,Petrol,,Manual,
Hyundai,Hyundai,2013,1100000,10000,Petrol,,Automatic,First Owner
Toyota,Toyota,2013,450000,,Diesel,,Manual,
Maruti,Maruti Omni MPI STD BSIV,2016,200000,10000,Petrol,Individual,Manual,First Owner
Mercedes-Benz,Mercedes-Benz,2013,,10000,Diesel,Dealer,Automatic,First Owner
Maruti,Maruti,2012,,,Petrol,,Manual,
Tata,Tata,2015,55000,195000,Diesel,Individual,Manual,Third Owner
Mahindra,Mahindra Scorpio LX,2005,411000,120000,Diesel,Individual,Manual,Second Owner
Mahindra,,2014,425000,50000,Diesel,Individual,Manual,First Owner
Chevrolet,Chevrolet,2014,200999,90000,Petrol,Individual,Manual,Second Owner
Hyundai,Hyundai,,,,,,,First Owner
Maruti,Maruti Zen LXI,2016,85000,70000,Petrol,Individual,Manual,Second Owner
Audi,Audi A4 3.0 TDI Quattro,2016,1580000,86000,Diesel,Dealer,Automatic,First Owner
Hyundai,Hyundai,2014,250000,110000,Diesel,Individual,Manual,Second Owner
Mahindra,Mahindra Xylo D4,2018,750000,80000,Diesel,Individual,Manual,First Owner
Tata,Tata Nano Std,2016,40000,19000,Petrol,Individual,Manual,First Owner
Maruti,Maruti,2015,229999,40000,Petrol,Individual,Manual,First Owner
Maruti,Maruti,2011,335000,,Diesel,,Manual,First Owner
Volkswagen,Volkswagen Vento Diesel Style Limited Edition,2019,340000,85000,Diesel,Individual,Manual,Second Owner
Hyundai,Hyundai i10 Sportz 1.2 AT,2017,330000,38000,Petrol,Dealer,Manual,First Owner
Mahindra,Mahindra Bolero DI,,,,Diesel,Individual,Manual,First Owner
Volkswagen,Volkswagen Polo Diesel Trendline 1.2L,2018,130000,144000,,Individual,,Fourth & Above Owner
Skoda,Skoda,2014,600000,70000,Petrol,Individual,Automatic,First Owner
Maruti,Maruti,,,,,,Manual,First Owner
Hyundai,Hyundai i20 1.2 Spotz,2016,400000,38000,Petrol,Individual,Manual,Second Owner
Maruti,Maruti Alto 800 LXI,2016,240000,50000,Petrol,Individual,Manual,Second Owner
Maruti,Maruti Swift Dzire Vdi BSIV,2018,215000,90000,Diesel,Dealer,Manual,Fourth & Above Owner
Hyundai,Hyundai i20 1.2 Sportz,2009,280000,110000,Petrol,Individual,Manual,Third Owner
Maruti,Maruti Zen LX,2007,95000,50000,Petrol,Individual,Manual,First Owner
Mercedes-Benz,Mercedes-Benz New C-Class 220 CDI AT,2009,1500000,35000,Diesel,Individual,Automatic,First Owner
Maruti,Maruti,2012,,,Petrol,,Manual,
Mahindra,Mahindra Scorpio VLS AT 2.2 mHAWK,2011,650000,70000,Diesel,Individual,Automatic,Second Owner
BMW,BMW,2013,2150000,43000,Diesel,Dealer,Automatic,First Owner
Honda,Honda,2015,550000,12997,Diesel,Dealer,Manual,First Owner
Renault,Renault KWID RXT,2007,315000,16000,Petrol,Individual,Manual,First Owner
Mahindra,Mahindra,2015,610000,15000,Diesel,Individual,Manual,Second Owner
Hyundai,Hyundai,2013,,56580,Petrol,,Manual,First Owner
Tata,Tata Xenon XT EX 4X2,,,,,,,Second Owner
Chevrolet,Chevrolet,2012,130000,,Petrol,,Manual,
Toyota,Toyota Etios Cross 1.2L G,2017,421000,23839,Petrol,Dealer,Manual,First Owner
Maruti,Maruti Ertiga VXI ABS,2011,350000,40000,Diesel,Individual,Manual,First Owner
Tata,Tata,,,,,,,First Owner
Hyundai,Hyundai Grand i10 Sportz,2018,375000,10000,Petrol,Individual,Manual,First Owner
Maruti,Maruti Baleno Alpha 1.2,2010,625000,52000,Petrol,Dealer,Manual,First Owner
Maruti,Maruti Swift Dzire LDI,2016,425000,90000,Diesel,Individual,Manual,First Owner
Hyundai,Hyundai i10 Magna 1.2 iTech SE,2018,190000,60000,Petrol,Individual,Manual,Second Owner
Ford,Ford Endeavour 3.0L 4X4 AT,2017,1000000,90000,Diesel,Individual,Automatic,Second Owner
Hyundai,Hyundai i20 Magna 1.2,2009,600000,25000,Petrol,Individual,Manual,First Owner
Chevrolet,Chevrolet Beat Diesel LS,,,,,,,First Owner
Hyundai,Hyundai Creta 1.6 CRDi SX,2008,840000,70000,Diesel,Individual,Manual,Second Owner
Hyundai,Hyundai Xcent 1.1 CRDi SX Option,2017,455000,55850,Diesel,Dealer,Manual,First Owner
Maruti,Maruti Ertiga ZXI,2018,635000,13250,,Dealer,,First Owner
Hyundai,Hyundai Xcent 1.1 CRDi Base,2018,375000,72000,Diesel,Individual,Manual,First Owner
Toyota,Toyota Etios VD,,,,Diesel,Dealer,Manual,First Owner
Volkswagen,,2013,850000,20000,Petrol,Individual,Automatic,Second Owner
Honda,Honda Amaze V CVT Petrol BSIV,2018,725000,26000,,Individual,,First Owner
Renault,Renault Duster 85PS Diesel RxL Plus,2018,302000,60000,Diesel,Individual,Manual,Second Owner
Hyundai,Hyundai,2015,744000,106000,Diesel,Individual,Manual,First Owner
Mahindra,Mahindra Marazzo M4,2016,950000,15000,Diesel,Individual,Manual,Second Owner
Toyota,Toyota,,,,,,,First Owner
Mahindra,Mahindra,2011,370000,,Diesel,,Manual,Third Owner
Maruti,Maruti,2015,110000,90000,Petrol,Individual,Manual,Second Owner
Mahindra,Mahindra Xylo D2 BSIV,2011,450000,120000,Diesel,Individual,Manual,First Owner
Maruti,Maruti Wagon R DUO LPG,2009,210000,90000,LPG,Individual,Manual,First Owner
Mercedes-Benz,Mercedes-Benz C-Class Progressive C 220d,2016,3800000,10000,Diesel,Dealer,Automatic,First Owner
Chevrolet,Chevrolet,,,,,,,First Owner
Audi,Audi,2013,,86000,Diesel,Dealer,Automatic,First Owner
Mahindra,Mahindra Jeep CJ 500 DI,,,,Diesel,Individual,Manual,First Owner
Maruti,Maruti,2010,170000,70000,Petrol,Individual,Manual,First Owner
Maruti,Maruti,2012,400000,,Petrol,,Manual,
Mahindra,Mahindra TUV 300 T4,2018,630000,50000,Diesel,Individual,Manual,First Owner
Land,Land Rover Discovery S 2.0 SD4,2017,4000000,68000,Petrol,Individual,Automatic,First Owner
Tata,Tata Indica Vista Aura Plus 1.3 Quadrajet,2018,200000,70000,Diesel,Individual,Manual,Second Owner
Maruti,Maruti,2011,250000,,Diesel,,Manual,Third Owner
Mahindra,Mahindra,2014,145000,25000,Petrol,Individual,Manual,First Owner
Hyundai,Hyundai Santro Xing GLS,2006,150000,79000,Petrol,Individual,Manual,Third Owner
Tata,Tata Indica DLS,,,,Diesel,Individual,Manual,Second Owner
Maruti,Maruti Swift VDI BSIV,2017,475000,60000,Diesel,Individual,Manual,First Owner
Hyundai,,,,,,Individual,Manual,First Owner
Hyundai,Hyundai,2013,180000,,LPG,,Manual,
Toyota,Toyota Innova 2.5 G (Diesel) 7 Seater BS IV,2010,700000,163000,Diesel,Individual,Manual,Fourth & Above Owner
Audi,Audi A6 2.0 TDI  Design Edition,2017,1750000,102354,Diesel,Dealer,Automatic,First Owner
Hyundai,Hyundai i20 Asta 1.2,2012,600000,,Petrol,,Manual,
Hyundai,Hyundai,2012,200000,,Petrol,,Manual,
Maruti,Maruti Omni LPG CARGO BSIII W IMMOBILISER,2010,80000,90000,LPG,Individual,Manual,Second Owner
Maruti,Maruti Wagon R VXI,2011,315000,,Petrol,Dealer,Manual,First Owner
Tata,Tata Hexa XM,2017,1000000,50000,Diesel,Individual,Manual,First Owner
Maruti,Maruti Swift Dzire VDI,2016,600000,46507,Diesel,Trustmark Dealer,Manual,First Owner
Datsun,Datsun,2014,210000,50000,Petrol,Individual,Manual,First Owner
Toyota,Toyota,2011,300000,,Diesel,,Manual,Second Owner
Skoda,Skoda,2013,,52000,Diesel,Dealer,Manual,First Owner
Audi,Audi,2014,1300000,58500,Diesel,Dealer,Automatic,First Owner
Mahindra,Mahindra,2013,565000,72000,Diesel,,Manual,First Owner
Maruti,Maruti,2013,225000,50000,Diesel,,Manual,First Owner
Hyundai,Hyundai,2015,290000,20000,Petrol,Individual,Manual,First Owner
Toyota,Toyota Innova 2.5 VX (Diesel) 8 Seater,2010,1050000,70000,Diesel,Individual,Manual,First Owner
Maruti,Maruti Swift VDI BSIV,2009,400000,100000,Diesel,Individual,Manual,Third Owner
Renault,Renault KWID 1.0 RXT Optional,2019,300000,30300,Petrol,Individual,Manual,First Owner
Maruti,,2014,80000,66508,Petrol,Individual,Manual,Second Owner
Toyota,Toyota Innova 2.5 V Diesel 8-seater,2006,500000,120000,Diesel,Individual,Manual,Third Owner
Hyundai,Hyundai Grand i10 1.2 Kappa Magna AT,,,,,,,First Owner
Hyundai,Hyundai i10 Magna,2016,229999,49824,Petrol,Individual,Manual,First Owner
Honda,Honda,2015,600000,27483,Diesel,Dealer,Manual,First Owner
Hyundai,Hyundai,2012,250000,,Petrol,Dealer,Manual,
BMW,BMW X1 sDrive 20d xLine,2018,2400000,30000,Diesel,Individual,Manual,First Owner
Mahindra,Mahindra,2015,1300000,35000,Diesel,Individual,Manual,First Owner
Hyundai,,,,,,Individual,,First Owner
Maruti,Maruti,,,,,Dealer,Manual,First Owner
Maruti,Maruti Celerio LXI MT BSIV,2017,340000,50000,Petrol,Individual,Manual,First Owner
Maruti,Maruti,2015,165000,132000,Petrol,Individual,Manual,First Owner
Maruti,Maruti,2014,183000,40000,Petrol,Individual,Manual,First Owner
Honda,Honda Amaze VX Petrol BSIV,2017,690000,39000,Petrol,Dealer,Manual,First Owner
Toyota,Toyota Innova Crysta 2.4 VX MT 8S BSIV,2018,1900000,100000,Diesel,Individual,Manual,First Owner
Toyota,Toyota,2015,851000,53652,Diesel,Dealer,Manual,First Owner
Maruti,Maruti Wagon R LXI,2009,240000,120000,Petrol,Individual,Manual,First Owner
Maruti,,2015,98000,54000,Petrol,Individual,Manual,First Owner
Mercedes-Benz,Mercedes-Benz New C-Class C 220 CDI Avantgarde,2005,1375000,33800,Diesel,Dealer,Automatic,Second Owner
Maruti,,,,,,Individual,,First Owner
Maruti,Maruti,2013,556000,24000,Petrol,,Manual,First Owner
Hyundai,,,,,,Individual,Manual,First Owner
Hyundai,Hyundai i20 Active 1.2 SX,2010,700000,10000,Petrol,Individual,Manual,First Owner
Ford,Ford,2011,700000,,Diesel,,Manual,First Owner
Audi,Audi A4 30 TFSI Technology,2017,3100000,22000,Petrol,Individual,Automatic,First Owner
Audi,Audi,2014,1580000,,,,Automatic,First Owner
Mahindra,Mahindra,,,,,,,First Owner
Mahindra,,2012,500000,,Diesel,Individual,Manual,Second Owner
Datsun,Datsun,,,,,,Manual,First Owner
Maruti,Maruti,2013,750000,45974,Diesel,,Manual,First Owner
Hyundai,Hyundai Grand i10 1.2 Kappa Magna AT,2016,550000,19890,Petrol,Dealer,Automatic,First Owner
Mahindra,Mahindra Thar CRDe,2017,950000,20000,Diesel,Individual,Manual,First Owner
Hyundai,Hyundai,2013,520000,,,,Automatic,First Owner
Hyundai,Hyundai,2013,,,,,Automatic,First Owner
Maruti,Maruti,,,,,,Manual,First Owner
Hyundai,Hyundai Getz GLE,2015,400000,30000,Petrol,Individual,Automatic,First Owner
Maruti,Maruti Swift Dzire VDI,2017,500000,50000,Diesel,Individual,Manual,First Owner
Toyota,Toyota Innova 2.5 VX 8 STR,,,,Diesel,Individual,Manual,First Owner
Hyundai,Hyundai,2014,180000,100000,Petrol,Individual,Manual,Third Owner
Hyundai,Hyundai i20 Asta,2011,270000,110000,Petrol,Individual,Manual,Second Owner
Hyundai,Hyundai,2013,1475000,11700,Petrol,,Automatic,First Owner
Ford,Ford Figo Petrol Titanium,2010,300000,50000,Petrol,Individual,Manual,Second Owner
Maruti,Petrol,2013,,110000,Petrol,Individual,Manual,Second Owner
Toyota,Toyota,,,,,,,First Owner
Honda,Honda,2014,639000,28205,Petrol,Dealer,Manual,First Owner
Honda,Honda,,,,,,,First Owner
Renault,Renault,2013,450000,1000,Diesel,Dealer,Manual,Second Owner
Tata,Tata Nano Lx BSIV,2007,100000,50000,Petrol,Individual,Manual,Second Owner
Audi,Audi Q5 2.0 TDI,2005,1190000,175900,Diesel,Dealer,Automatic,First Owner
Maruti,Maruti,2014,95000,100000,Petrol,Individual,Manual,Second Owner
Ford,Ford Ecosport 1.5 DV5 MT Ambiente,,,,,,,Second Owner
Mahindra,Mahindra,2015,400000,150000,Diesel,Individual,Manual,Second Owner
Maruti,Maruti Vitara Brezza ZDi Plus,2012,,,Diesel,,Manual,
Maruti,Maruti Vitara Brezza VDi,2019,780000,50000,Diesel,Individual,Manual,First Owner
Hyundai,Hyundai,2013,229999,,,,Manual,First Owner
Hyundai,Hyundai,,,,,,,First Owner
Hyundai,Hyundai Creta 1.6 CRDi SX Option,2017,1490000,20694,Diesel,Dealer,Manual,First Owner
Hyundai,Hyundai,2011,575000,,Petrol,,Manual,Second Owner
Maruti,Maruti Swift Dzire VXi,2019,250000,80659,Petrol,Individual,Manual,First Owner
Renault,Renault,2013,,1000,Diesel,Dealer,Manual,Second Owner
Maruti,Maruti SX4 ZDI Leather,2016,400000,60000,Diesel,Individual,Manual,Second Owner
Nissan,Nissan Sunny XV D Premium Leather,2016,450000,50000,Diesel,Individual,Manual,First Owner
Mahindra,Mahindra Scorpio S2 7 Seater,,,,Diesel,Individual,Manual,First Owner
Mahindra,Mahindra,2013,225000,,Diesel,,Manual,
Maruti,Maruti,2015,490000,59385,Diesel,Dealer,Manual,First Owner
Ford,Ford Figo Aspire 1.2 Ti-VCT Titanium Plus,,,,Petrol,Individual,Manual,First Owner
Ford,Ford EcoSport 1.5 TDCi Titanium BSIV,,,,Diesel,Dealer,Manual,First Owner
Renault,Renault KWID 1.0 RXT Optional,2012,390000,,Petrol,,Manual,
Honda,,2013,600000,,Diesel,Individual,Manual,
Maruti,,2012,,,Petrol,Individual,Manual,
Maruti,Maruti,2013,,110000,Petrol,Individual,Manual,
Maruti,Maruti 800 AC,2009,95000,100000,Petrol,Individual,Manual,Second Owner
Maruti,Maruti 800 AC BSII,2012,43000,,Petrol,,Manual,
Hyundai,Hyundai Creta 1.4 EX Diesel,2014,760000,55340,Petrol,Trustmark Dealer,Manual,First Owner
Volkswagen,Volkswagen Polo 1.5 TDI Highline,2012,500000,,Diesel,,Manual,
Mahindra,Mahindra Jeep CL 500 MDI,2006,250000,35000,Diesel,Individual,Manual,Second Owner
Mahindra,Mahindra Scorpio SLE BSIV,2017,550000,90000,Diesel,Individual,Manual,First Owner
Maruti,Maruti Alto 800 VXI,2011,282000,20000,Petrol,Individual,Manual,First Owner
Tata,Tata Indica LSI,2017,70000,60000,Petrol,Individual,Manual,Second Owner
Honda,Honda Accord 2.4 MT,2012,350000,,Petrol,,Manual,
Hyundai,Hyundai EON Era Plus Option,2009,265000,55000,Petrol,Dealer,Manual,First Owner
Ford,Ford Figo 1.2P Ambiente MT,2012,229999,,Petrol,,Manual,
Tata,Tata Indica Vista Aqua 1.3 Quadrajet,2019,110000,110000,Diesel,Individual,Manual,Second Owner
Chevrolet,Petrol,2013,,41000,Petrol,Dealer,Manual,First Owner
Maruti,Maruti,2015,300000,50000,Petrol,Individual,Manual,First Owner
Audi,Audi Q3 35 TDI Quattro Technology,2017,2700000,25000,Diesel,Individual,Automatic,First Owner
Hyundai,Hyundai Xcent 1.1 CRDi Base,2018,375000,72000,Diesel,Individual,Manual,First Owner
Hyundai,,2012,,,Petrol,Individual,Manual,
Maruti,Maruti Ignis 1.2 AMT Delta BSIV,2018,450000,15000,Petrol,Individual,Automatic,First Owner
Maruti,Maruti Swift Dzire VDi,2009,250000,150000,Diesel,Individual,Manual,Third Owner
Maruti,Maruti,2013,365000,65000,Diesel,,Manual,First Owner
Maruti,Maruti,2014,114999,60000,Petrol,Individual,Manual,Third Owner
Maruti,,2013,,,,Individual,Manual,First Owner
Hyundai,Hyundai,2014,495000,100000,Diesel,Individual,Manual,Second Owner
Hyundai,Hyundai,2014,380000,50000,Petrol,Individual,Manual,Second Owner
Maruti,Maruti SX4 Vxi BSIII,2007,120000,90000,Petrol,Individual,Manual,Second Owner
Skoda,Skoda,2011,350000,,Diesel,,Manual,First Owner
Nissan,Nissan Sunny Diesel XV,2016,450000,80000,Diesel,Individual,Manual,First Owner
BMW,BMW 3 Series GT Luxury Line,,,,,,,First Owner
Maruti,Maruti Baleno Alpha,2011,700000,,Petrol,Individual,Manual,First Owner
Maruti,Maruti,2014,250000,38000,Petrol,Individual,Manual,First Owner
Hyundai,Hyundai Santro Xing GL Plus,2018,170000,50000,Petrol,Individual,Manual,Second Owner
Maruti,Maruti,2015,180000,30375,Petrol,Dealer,Manual,First Owner
Hyundai,Hyundai,2014,550000,,,,Automatic,First Owner
Maruti,Maruti,2015,500000,35000,Petrol,Individual,Manual,First Owner
Maruti,,2013,352000,,Diesel,Individual,Manual,
Hyundai,Hyundai Grand i10 Magna AT,2016,520000,10510,Petrol,Dealer,Automatic,First Owner
Tata,Tata,2011,50000,,Diesel,,Manual,Second Owner
Hyundai,Hyundai i10 Asta AT,2009,350000,50000,Petrol,Individual,Automatic,Second Owner
Toyota,Toyota Innova 2.5 G (Diesel) 7 Seater,2005,1300000,80000,Diesel,Individual,Manual,First Owner
Maruti,Maruti,2011,250000,,Petrol,,Manual,Second Owner
Hyundai,Hyundai Santro Xing XL eRLX Euro III,2008,75000,114000,Petrol,Individual,Manual,Second Owner
Maruti,Maruti Omni E MPI STD BS IV,2012,250000,,Petrol,,Manual,
Mercedes-Benz,Mercedes-Benz S-Class S 350d Connoisseurs Edition,2007,8150000,6500,Diesel,Dealer,Automatic,First Owner
Honda,Honda City i-VTEC SV,,,,Petrol,Dealer,Manual,First Owner
Maruti,Maruti Esteem VX,,,,Petrol,Individual,Manual,Second Owner
Hyundai,Hyundai i10 Sportz 1.2,2014,90000,80000,CNG,Individual,Manual,Third Owner
Hyundai,Hyundai EON Magna Plus,2006,240000,73300,Petrol,Individual,Manual,Second Owner
Mercedes-Benz,Mercedes-Benz E-Class Exclusive E 200 BSIV,2007,4500000,9800,Petrol,Dealer,Automatic,First Owner
Maruti,Maruti,2015,260000,28481,Petrol,Dealer,Manual,First Owner
Hyundai,Hyundai i10 Magna,2016,229999,49824,Petrol,Dealer,Manual,First Owner
Maruti,Maruti Wagon R VXI BSIII,2018,150000,60000,Petrol,Individual,Manual,Second Owner
Maruti,Petrol,2013,,11918,Petrol,Trustmark Dealer,Manual,First Owner
Tata,Tata New Safari DICOR 2.2 EX 4x2,2012,,,Diesel,,Manual,
Hyundai,Hyundai Getz 1.3 GVS,2016,110000,110000,Petrol,Individual,Manual,First Owner
Datsun,Datsun RediGO T Option,2018,250000,46000,Petrol,Individual,Manual,First Owner
BMW,BMW 3 Series 320d Sport Line,2005,1550000,75800,Diesel,Dealer,Automatic,Second Owner
Maruti,Maruti Alto 800 LXI,2018,285000,46000,Petrol,Individual,Manual,Second Owner
Maruti,Maruti Ertiga ZDI Plus,2017,1100000,30000,Diesel,Individual,Manual,First Owner
Hyundai,Hyundai EON Era Plus,2008,280000,3240,Petrol,Individual,Manual,Second Owner
Hyundai,Hyundai i20 Magna 1.2,2017,600000,25000,Petrol,Individual,Manual,First Owner
Honda,Honda Civic 1.8 V AT,2007,210000,63500,Petrol,Dealer,Automatic,First Owner
Hyundai,Hyundai i20 Asta (o),2011,300000,50000,Petrol,Individual,Manual,First Owner
Hyundai,Hyundai EON 1.0 Era Plus,,,,,,,First Owner
Tata,Tata,2012,260000,,Diesel,Dealer,Manual,
Honda,Honda Brio S MT,2007,371000,20000,Petrol,Dealer,Manual,First Owner
Hyundai,Hyundai Xcent 1.1 CRDi Base,2018,375000,72000,Diesel,Individual,Manual,First Owner
Volkswagen,Volkswagen,2015,220000,63657,Diesel,Dealer,Manual,First Owner
Hyundai,Hyundai Santro LP zipPlus,2016,52000,50000,Petrol,Individual,Manual,Third Owner
Toyota,Toyota Innova 2.5 G (Diesel) 7 Seater,2012,1125000,,Diesel,,Manual,
Maruti,Maruti Swift ZDi BSIV,2006,665000,46000,Diesel,Dealer,Manual,First Owner
Hyundai,Hyundai,2013,484999,65000,Diesel,,Manual,First Owner
Renault,Renault KWID RXT,2009,225000,25000,Petrol,Individual,Manual,First Owner
Volkswagen,Volkswagen Jetta 1.4 TSI Comfortline,2007,450000,50000,Petrol,Individual,Manual,First Owner
Maruti,Maruti Swift 1.3 VXi,2006,130000,110000,Petrol,Individual,Manual,Third Owner
Mahindra,,2014,900000,15000,Diesel,Individual,Manual,First Owner
Chevrolet,Chevrolet Enjoy 1.3 TCDi LS 8,2009,425000,20000,Diesel,Dealer,Manual,First Owner
Maruti,Maruti,2012,470000,,Diesel,,Manual,First Owner
Fiat,Fiat Linea T Jet Emotion,2009,890000,1136,Petrol,Dealer,Manual,First Owner
Mahindra,Mahindra,2011,430000,,Diesel,,Manual,First Owner
Maruti,Maruti Swift Vdi BSIII,2007,100000,110000,Diesel,Individual,Manual,Fourth & Above Owner
Honda,Honda,2014,600000,10000,Petrol,Individual,Manual,First Owner
Tata,Tata Tiago 1.2 Revotron XZ,2011,360000,4000,Petrol,Individual,Manual,First Owner
Tata,Tata Nano Lx,2017,120000,20000,Petrol,Individual,Manual,First Owner
Hyundai,Hyundai,2014,155000,100000,Diesel,Individual,Manual,Fourth & Above Owner
Chevrolet,Chevrolet Sail 1.2 Base,2004,260000,35000,Petrol,Individual,Manual,First Owner
Maruti,Maruti SX4 Zxi BSIII,2007,175000,29173,Petrol,Dealer,Manual,First Owner
Hyundai,Hyundai,2011,250000,,Petrol,,Manual,First Owner
Honda,Honda,2014,225000,55000,Petrol,Individual,Manual,Second Owner
Volkswagen,Volkswagen Jetta 2.0L TDI Highline AT,2016,735000,55300,Diesel,Dealer,Automatic,First Owner
Ford,Ford,,,,,,,First Owner
Maruti,Maruti Zen D,2009,75000,100000,Diesel,Individual,Manual,Second Owner
Mahindra,Mahindra KUV 100 mFALCON G80 K2,2017,425000,25000,Petrol,Individual,Manual,First Owner
Chevrolet,Chevrolet Tavera Neo 2 LS B4 7 Str BSIII,2008,400000,120000,Diesel,Individual,Manual,Third Owner
Tata,Tata Zest Revotron 1.2 XT,2012,380000,,Petrol,,Manual,
Audi,Audi A4 2.0 TDI 177 Bhp Premium Plus,2007,1150000,53000,Diesel,Dealer,Automatic,First Owner
Maruti,Maruti A-Star Vxi,2018,180000,70000,Petrol,Individual,Manual,Third Owner
Maruti,Maruti 800 AC,1995,60000,70000,Petrol,Individual,Manual,First Owner
Ford,Ford,2012,190000,,Petrol,,Manual,
Maruti,Maruti,2013,500000,,Petrol,,Manual,
Maruti,Maruti Swift ZXI BSIV,2016,670000,7104,Petrol,Individual,Manual,First Owner
Maruti,Maruti,2011,500000,,Petrol,Individual,Manual,First Owner
BMW,BMW,2013,,30000,Diesel,Dealer,Automatic,First Owner
Hyundai,Hyundai,,,,,,,Third Owner
Maruti,Maruti Baleno Delta Automatic,2018,550000,25000,Petrol,Individual,Automatic,First Owner
Hyundai,Hyundai Santro Xing XG AT,2018,160000,90000,Petrol,Individual,Manual,Second Owner
Hyundai,Hyundai i10 Era 1.1 iTech SE,2017,147000,110000,Petrol,Individual,Manual,Second Owner
Mahindra,Mahindra Bolero 2011-2019 SLE,2007,325000,62200,Diesel,Dealer,Manual,First Owner
Mahindra,Mahindra XUV300 W8 Option,2010,1150000,15000,Petrol,Dealer,Manual,First Owner
Hyundai,Hyundai i20 1.2 Spotz,2011,650000,20000,Petrol,Individual,Manual,Second Owner
Maruti,Maruti,2013,140000,49000,Petrol,,Manual,First Owner
Hyundai,Hyundai Grand i10 1.2 Kappa Asta,2010,500000,32000,Petrol,Individual,Manual,First Owner
Toyota,Toyota,2014,2600000,,,,Automatic,First Owner
Toyota,Toyota Etios Liva GD,2016,409999,56000,Diesel,Individual,Manual,First Owner
Maruti,Maruti 800 AC,2012,,,Petrol,,Manual,
Maruti,Maruti,2015,575000,90000,Diesel,Individual,Manual,Second Owner
Maruti,Maruti,2011,1000000,,Diesel,,Manual,First Owner
Mahindra,Mahindra Scorpio SLE BS IV,2018,620000,80000,,Dealer,,First Owner
Tata,Tata,2014,400000,35000,Petrol,Individual,Manual,First Owner
Renault,Renault,2012,325000,,Petrol,,Manual,
Maruti,Maruti,2014,300000,15000,Petrol,Individual,Manual,First Owner
Chevrolet,Chevrolet Beat LT,2009,120000,90000,Petrol,Individual,Manual,Second Owner
Hyundai,Hyundai Verna XXi (Petrol),2019,150000,84000,Petrol,Individual,Manual,Second Owner
Maruti,Maruti Swift Dzire VXI 1.2 BS IV,2016,615000,40000,Petrol,Individual,Manual,First Owner
Honda,,2015,409999,56541,Diesel,Dealer,Manual,First Owner
Hyundai,Hyundai Grand i10 Asta Option,2017,540000,20000,Petrol,Individual,Manual,Second Owner
Hyundai,Hyundai Xcent 1.1 CRDi Base,2018,375000,72000,Diesel,Individual,Manual,First Owner
Toyota,Toyota Innova 2.5 V Diesel 7-seater,,,,Diesel,Individual,Manual,First Owner
Toyota,Toyota Innova 2.5 GX (Diesel) 8 Seater,2008,500000,100000,Diesel,Individual,Manual,First Owner
Tata,Tata,2014,110000,80000,Diesel,Individual,Manual,First Owner
Mahindra,Mahindra XUV500 W8 2WD,2007,750000,70000,Diesel,Individual,Manual,First Owner
Hyundai,Hyundai i20 Magna 1.4 CRDi (Diesel),2010,385000,58000,Diesel,Dealer,Manual,First Owner
Maruti,Maruti Alto 800 LXI,2018,204999,25000,Petrol,Individual,Manual,Second Owner
Honda,Honda,2013,520000,82000,Diesel,,Manual,First Owner
Tata,Tata,2011,55000,,Petrol,,Manual,Fourth & Above Owner
Mahindra,Mahindra Scorpio M2DI,2017,600000,110000,Diesel,Individual,Manual,Fourth & Above Owner
Maruti,,2015,550000,80000,Diesel,Individual,Manual,First Owner
Maruti,Maruti,2015,300000,28942,Petrol,Dealer,Automatic,First Owner
Hyundai,Hyundai Grand i10 CRDi Sportz,2018,400000,42000,Diesel,Individual,Manual,First Owner
Mahindra,Mahindra Scorpio VLS AT 2.2 mHAWK,,,,Diesel,Individual,Automatic,Second Owner
Maruti,Maruti Alto LXi BSIII,2018,91200,60000,Petrol,Individual,Manual,Second Owner
Tata,,,,,,Individual,Manual,Second Owner
Toyota,Toyota,2013,350000,75000,Diesel,,Manual,First Owner
Hyundai,Hyundai Xcent 1.1 CRDi Base,2018,375000,72000,Diesel,Individual,Manual,First Owner
Maruti,Maruti,2012,100000,,Petrol,,Manual,Second Owner
Mahindra,Mahindra Scorpio VLS AT 2.2 mHAWK,,,,Diesel,Individual,Automatic,First Owner
Honda,Honda City VX MT,2016,350000,48781,Petrol,Dealer,Manual,First Owner
Hyundai,Hyundai Grand i10 1.2 Kappa Asta,2017,500000,26500,Petrol,Individual,Manual,First Owner
Mahindra,Mahindra Bolero B6,2018,600000,56000,,,,First Owner
Ford,Ford,2011,600000,,Diesel,,Manual,Second Owner
Volkswagen,Volkswagen Jetta 1.9 Highline TDI,2016,290000,87620,Diesel,Dealer,Automatic,First Owner
Maruti,Maruti Ertiga VXI,2016,625000,11918,Petrol,Trustmark Dealer,Manual,First Owner
Ford,Ford,2013,700000,,Petrol,,Manual,
Ford,Ford Endeavour XLT TDCi 4X2,2017,280000,190000,Diesel,Individual,Manual,Second Owner
Maruti,Maruti,2013,300000,,Diesel,,Manual,
Mercedes-Benz,Mercedes-Benz C-Class Progressive C 220d,2017,3800000,10000,Diesel,Dealer,Automatic,First Owner
Renault,Renault,2015,325000,18500,Petrol,Individual,Manual,First Owner
Maruti,Maruti Alto K10 VXI,2009,380000,22155,Petrol,Individual,Manual,First Owner
Maruti,Maruti,2015,699000,39503,Diesel,Dealer,Manual,First Owner
Maruti,Maruti Alto LXi,2009,175000,80000,Petrol,Individual,Manual,Third Owner
Renault,Renault Pulse RxZ,,,,Diesel,Dealer,Manual,First Owner
Tata,Tata Tigor 1.2 Revotron XM,2016,509999,5000,Petrol,Individual,Manual,First Owner
Maruti,Maruti Alto 800 LXI,2018,200000,90000,Petrol,Individual,Manual,Third Owner
Honda,Honda City 1.5 EXI,2009,100000,120000,Petrol,Individual,Manual,Second Owner
Chevrolet,Chevrolet,2014,239000,,,,Manual,First Owner
Hyundai,Hyundai i20 1.4 Magna Executive,,,,,,,First Owner
Tata,Tata,2015,320000,100000,Diesel,Individual,Manual,Second Owner
Hyundai,Hyundai i20 Active S Diesel,2018,650000,37000,,Dealer,,First Owner
Mahindra,Mahindra,2011,1100000,,Diesel,Dealer,Manual,First Owner
Maruti,Maruti Ciaz VXi Plus,2004,585000,24000,Petrol,Individual,Manual,First Owner
Maruti,Maruti Omni MPI STD BSIV,2012,250000,,Petrol,,Manual,
Maruti,Maruti Swift VXI BSIII,2019,250000,806599,Petrol,Dealer,Manual,First Owner
Mahindra,Mahindra Bolero Power Plus SLX,2009,800000,15000,Diesel,Individual,Manual,First Owner
Maruti,Maruti,2012,,,Diesel,,Manual,
Maruti,Maruti Wagon R LXI Minor,2011,100000,80000,Petrol,Individual,Manual,Second Owner
Maruti,Maruti Wagon R VXI AMT1.2BSIV,2017,525000,9745,Petrol,Dealer,Automatic,First Owner
Mahindra,Mahindra XUV500 W6 2WD,2012,500000,,Diesel,,Manual,
Hyundai,Hyundai,2014,520000,,,,Automatic,First Owner
Hyundai,Hyundai EON 1.0 Era Plus,2016,100000,21302,Petrol,Individual,Manual,First Owner
Toyota,Toyota,2015,249000,41125,Petrol,Dealer,Manual,First Owner
Mahindra,Mahindra,2015,300000,25000,Diesel,Individual,Manual,Second Owner
Hyundai,Hyundai Grand i10 1.2 Kappa Sportz BSIV,,,,Petrol,Individual,Manual,First Owner
Honda,Honda,2014,311000,70000,Petrol,Individual,Automatic,Second Owner
Renault,Renault,2012,400000,,Diesel,,Manual,
Hyundai,Hyundai,2012,130000,,CNG,,Manual,Second Owner
Toyota,Toyota,2014,400000,138000,Diesel,Individual,Manual,Third Owner
Honda,Honda Amaze VX Diesel BSIV,2017,790000,49000,Diesel,Dealer,Manual,First Owner
Hyundai,Hyundai Xcent 1.1 CRDi Base,2018,375000,72000,Diesel,Individual,Manual,First Owner
Ford,Ford Endeavour 3.2 Titanium AT 4X4,,,,,Individual,,First Owner
Hyundai,Hyundai Santro Xing XL eRLX Euro III,2017,114999,90000,Petrol,Dealer,Manual,Second Owner
Mahindra,Mahindra Jeep MM 540,2017,95000,100000,Diesel,Individual,Manual,Second Owner
Honda,Honda,2015,875000,1440,Petrol,Individual,Manual,First Owner
Hyundai,Hyundai Santro Xing GLS,2016,110000,120000,Petrol,Individual,Manual,First Owner
Datsun,Datsun,,,,,,Manual,First Owner
Chevrolet,Chevrolet Spark 1.0 LS,2009,99000,100000,Petrol,Individual,Manual,Third Owner
Maruti,Maruti,2013,750000,,,,Manual,First Owner
Maruti,Maruti SX4 Celebration Diesel,2018,250000,120000,Diesel,Individual,Manual,First Owner
Skoda,Skoda Rapid 1.5 TDI AT Ambition,2017,599000,46957,Diesel,Dealer,Automatic,First Owner
Maruti,Maruti Ciaz 1.4 Delta,2017,650000,70000,Petrol,Individual,Manual,First Owner
Maruti,Maruti Ertiga SHVS ZDI,2010,450000,115962,Diesel,Dealer,Manual,Second Owner
Ford,Ford Figo Diesel Titanium,2012,220000,,Diesel,Individual,Manual,
Datsun,Datsun,2012,270000,,Petrol,Dealer,Manual,
Ford,Ford,2013,425000,,Diesel,Dealer,Manual,
Hyundai,Hyundai Getz GLS,2006,80000,120000,Petrol,Individual,Manual,Third Owner
Maruti,Maruti,2015,390000,60000,Diesel,Individual,Manual,Second Owner
Datsun,Datsun GO Plus A,2012,,,Petrol,,Manual,
Tata,Tata Indigo CR4,2016,130000,90000,Diesel,Individual,Manual,First Owner
Toyota,Toyota Corolla Altis Diesel D4DG,2006,350000,230000,Diesel,Individual,Manual,First Owner
BMW,Diesel,2013,,30000,Diesel,Dealer,Automatic,First Owner
Maruti,Maruti,2012,175000,,Petrol,,Manual,
Maruti,Maruti,2014,140000,90000,Petrol,Individual,Manual,Third Owner
Maruti,Maruti Vitara Brezza VDi,2008,800000,35000,Diesel,Individual,Manual,First Owner
Maruti,Maruti,2012,90000,,Petrol,,Manual,
Ford,Ford Endeavour 2.5L 4X2 MT,2012,,,Diesel,,Manual,
Mahindra,Mahindra Bolero Power Plus Plus AC BSIV PS,2017,320000,50000,Diesel,Individual,Manual,Third Owner
Maruti,Maruti Alto K10 VXI,2017,320000,30000,Petrol,Individual,Manual,First Owner
Ford,Ford,2013,750000,,Diesel,,Manual,
Maruti,Maruti Ertiga VDI,2007,500000,120000,Diesel,Individual,Manual,Second Owner
Maruti,Maruti,2013,450000,39415,Petrol,Trustmark Dealer,Automatic,Second Owner
Hyundai,Hyundai EON Magna Plus,2018,245000,32000,Diesel,Individual,Manual,First Owner
Hyundai,Hyundai Venue SX Opt Diesel,2004,1195000,5000,Diesel,Dealer,Manual,First Owner
BMW,BMW,2011,1375000,,Diesel,,Automatic,First Owner
Mercedes-Benz,Mercedes-Benz New C-Class 220 CDI AT,2004,1425000,59000,Diesel,Individual,Automatic,First Owner
Fiat,Fiat,2015,185000,100000,Diesel,Individual,Manual,Second Owner
Maruti,Maruti,2014,225000,,,,Manual,Second Owner
Mahindra,Mahindra XUV500 W11 Option AWD,2011,1400000,25000,Diesel,Dealer,Manual,First Owner
Maruti,Maruti Swift Dzire LDI,2016,390000,110000,Diesel,Individual,Manual,Second Owner
Tata,Tata Safari Storme VX,2012,,,Diesel,,Manual,
Mahindra,Mahindra XUV500 W8 2WD,2016,500000,100000,Diesel,Individual,Manual,Second Owner
Maruti,Maruti Swift Dzire 1.2 Vxi BSIV,2018,395000,52000,,,,Second Owner
Renault,Renault,2013,,1000,Diesel,Dealer,Manual,Second Owner
Hyundai,Hyundai Santro Xing XS,,,,Petrol,Individual,Manual,Second Owner
Skoda,Skoda Rapid 1.5 TDI Ambition BSIV,2009,940000,2650,Diesel,Dealer,Manual,First Owner
Toyota,Toyota Etios Liva G,2011,229999,50000,Petrol,Individual,Manual,Second Owner
BMW,BMW,2014,4950000,,Diesel,Individual,Manual,First Owner
Mahindra,Mahindra Xylo D4 BSIV,,,,Diesel,Individual,Manual,Second Owner
Tata,Tata New Safari DICOR 2.2 EX 4x4,2015,250000,120000,Diesel,Individual,Manual,Second Owner
Skoda,Skoda,2013,,52000,Diesel,Dealer,Manual,First Owner
Mahindra,Mahindra Quanto C8,2008,195000,140000,Diesel,Individual,Manual,Second Owner
Mahindra,Mahindra Scorpio REV 116,2012,,,Petrol,,Manual,
Chevrolet,Chevrolet Beat Diesel LT,2019,250000,110000,Diesel,Individual,Manual,First Owner
Hyundai,Hyundai Creta 1.4 EX Diesel,2017,1050000,10000,Diesel,Individual,Manual,First Owner
Maruti,Maruti Swift Dzire VXi,2018,200000,110000,Petrol,Individual,Manual,Fourth & Above Owner
Maruti,Maruti Ciaz VDi Plus,2008,525000,100000,Diesel,Individual,Manual,First Owner
Tata,Tata,2014,58000,27974,Petrol,Individual,Manual,First Owner
Mercedes-Benz,Mercedes-Benz,2014,3800000,,,,Automatic,First Owner
Maruti,Maruti Alto 800 VXI,2017,245000,60000,Petrol,Individual,Manual,First Owner
Renault,Renault Duster 85PS Diesel RxL,2016,450000,1000,Diesel,Dealer,Manual,Second Owner
Mahindra,Mahindra XUV500 W6 2WD,2010,1000000,40000,Diesel,Individual,Manual,First Owner
Maruti,Maruti,2013,670000,7104,Petrol,,Manual,First Owner
Hyundai,Hyundai Grand i10 1.2 CRDi Asta,2010,465000,25000,Diesel,Individual,Manual,First Owner
Renault,Renault,2011,350000,,Diesel,,Manual,Second Owner
Maruti,Maruti,2015,550000,69782,Petrol,Dealer,Manual,First Owner
Honda,Honda City i-DTEC V,2012,,,Diesel,,Manual,
Honda,Honda,2013,775000,66521,Petrol,Trustmark Dealer,Manual,First Owner
Maruti,Maruti,,,,,,Manual,First Owner
Mahindra,Mahindra,2015,890000,52000,Diesel,Dealer,Manual,First Owner
Maruti,,2014,150000,53000,Petrol,Individual,Manual,First Owner
Tata,Tata Indica Vista Terra 1.4 TDI,2012,150000,,Diesel,,Manual,
Ford,Ford Fiesta Titanium 1.5 TDCi,2016,325000,100000,Diesel,Individual,Manual,Second Owner
Maruti,Maruti Alto LXi BSIII,2010,125000,80000,Petrol,Individual,Manual,First Owner
Maruti,Maruti S-Cross Zeta DDiS 200 SH,2016,750000,45974,Diesel,Individual,Manual,First Owner
Maruti,Maruti Wagon R LXI Minor,1996,135000,50000,Petrol,Individual,Manual,First Owner
Maruti,,2011,300000,,Petrol,Individual,Manual,Second Owner
Maruti,Maruti Ertiga ZDI,2017,716000,100000,Diesel,Individual,Manual,First Owner
Maruti,Maruti Gypsy King Hard Top,2018,165000,60000,Petrol,Individual,Manual,Fourth & Above Owner
Maruti,Maruti,2013,625000,,,,Manual,First Owner
Ford,Ford Figo Aspire 1.2 Ti-VCT Trend,2011,530000,,Petrol,Individual,Manual,First Owner
Hyundai,Hyundai Verna 1.6 VTVT SX,2016,760000,55340,Petrol,Trustmark Dealer,Manual,First Owner
Hyundai,Hyundai Verna 1.6 VTVT SX,2016,760000,55340,Petrol,Trustmark Dealer,Manual,First Owner
Ford,Ford,,,,,,,First Owner
Hyundai,Hyundai i10 Sportz 1.2,2012,,,Petrol,,Manual,
Maruti,Maruti,2011,720000,,Diesel,,Manual,First Owner
Hyundai,Hyundai EON Magna Plus,,,,Petrol,Individual,Manual,First Owner
Hyundai,Hyundai Grand i10 CRDi Sportz,2007,450000,80000,Diesel,Individual,Manual,First Owner
Hyundai,Hyundai i10 Magna 1.1,2016,150000,90000,Petrol,Individual,Manual,Third Owner
Maruti,Maruti SX4 Zxi with Leather BSIII,2010,225000,60000,Petrol,Individual,Manual,Second Owner
Hyundai,,2015,900000,80000,Diesel,Individual,Manual,First Owner
Hyundai,Hyundai,2014,600000,30000,Diesel,Individual,Manual,First Owner
Maruti,Maruti 800 Std BSII,2009,80000,60000,Petrol,Individual,Manual,Second Owner
Maruti,Maruti,2013,,,,,Manual,Second Owner
Maruti,Maruti Alto LX BSIII,2018,110000,90000,Petrol,Individual,Manual,Second Owner
Tata,Tata Indica DLS,,,,,,,First Owner
Hyundai,Hyundai Santro Magna BSIV,2012,500000,,Petrol,Individual,Manual,
Chevrolet,,2015,120000,100000,Petrol,Individual,Manual,Third Owner
Ford,Ford,,,,,,,First Owner
Tata,Tata,2014,800000,60000,Diesel,Individual,Manual,First Owner
Mahindra,,2015,790000,40890,Diesel,Individual,Manual,First Owner
Tata,Tata Indica Vista Aqua 1.4 TDI,2008,125000,81000,Diesel,Individual,Manual,Second Owner
Maruti,Maruti,2014,195000,5000,Petrol,Individual,Manual,First Owner
Mahindra,Mahindra Scorpio S11 BSIV,2017,1300000,35000,Diesel,Individual,Manual,First Owner
Hyundai,Hyundai,,,,,,Manual,First Owner
Fiat,Fiat,2013,650000,,Diesel,,Manual,
Hyundai,Hyundai i20 Sportz Option 1.2,2017,475000,25000,Petrol,Individual,Manual,First Owner
Mahindra,Mahindra XUV300 W8 Option Diesel BSIV,2017,1000000,10000,Diesel,Individual,Manual,First Owner
Maruti,Maruti Alto 800 LXI,2011,110000,50000,Petrol,Individual,Manual,First Owner
Hyundai,Hyundai Santro Xing XG,2017,95000,120000,Petrol,Individual,Manual,Second Owner
Tata,Tata,2015,525000,10980,Petrol,Dealer,Automatic,First Owner
Ford,Ford Fiesta 1.5 TDCi Titanium,2017,195000,133564,Diesel,Dealer,Manual,First Owner
Tata,Tata Indica GLS BS IV,,,,,,,First Owner
Hyundai,Hyundai Santro LE,2008,65000,70000,Petrol,Individual,Manual,First Owner
Renault,Renault,2015,350000,7658,Petrol,Dealer,Automatic,First Owner
Hyundai,Hyundai i20 1.4 CRDi Era,2019,220000,70000,Diesel,Individual,Manual,First Owner
Chevrolet,Chevrolet Enjoy 1.3 TCDi LS 8,2009,300000,175000,Diesel,Individual,Manual,First Owner
Maruti,Maruti Ertiga SHVS VDI,2012,550000,,Diesel,,Manual,
Maruti,Maruti Wagon R VXI BSIII,2018,155000,80000,Petrol,Individual,Manual,Second Owner
Mahindra,Mahindra,2011,229999,,Diesel,,Manual,Third Owner
Hyundai,Hyundai,2015,225000,48000,Petrol,Dealer,Manual,First Owner
Hyundai,Hyundai i10 Magna,,,,,,,First Owner
Maruti,Maruti Swift Dzire ZXI Plus,2009,810000,15000,Petrol,Individual,Manual,First Owner
Maruti,Maruti,,,,,,,Second Owner
Tata,Tata,2011,425000,,Petrol,,Manual,First Owner
Hyundai,Hyundai i10 Sportz 1.2,2006,248000,63000,Petrol,Individual,Manual,Second Owner
Hyundai,Hyundai,2014,700000,1400,Diesel,Individual,Manual,First Owner
Hyundai,Hyundai Grand i10 Magna,2018,325000,25000,Diesel,Individual,Manual,Third Owner
Chevrolet,Chevrolet Aveo 1.4 LS,2019,170000,81324,Petrol,Dealer,Manual,First Owner
Maruti,Maruti,,,,,,Manual,First Owner
Maruti,Maruti,2015,665000,59110,Diesel,Dealer,Manual,First Owner
Maruti,Maruti,2012,60000,,Petrol,,Manual,
Hyundai,,2015,125000,205000,Petrol,Individual,Manual,First Owner
Chevrolet,Chevrolet Spark 1.0 LT,2019,165000,60000,Petrol,Individual,Manual,First Owner
Maruti,Maruti,2013,280000,,Diesel,,Manual,Third Owner
Maruti,Maruti,2015,525000,56228,CNG,Dealer,Manual,First Owner
Hyundai,Hyundai Grand i10 Magna,,,,Petrol,Dealer,Manual,First Owner
Hyundai,Hyundai Xcent 1.1 CRDi Base,2018,375000,72000,Diesel,Individual,Manual,First Owner
Hyundai,Hyundai,2015,425000,59319,Petrol,Dealer,Manual,First Owner
Honda,Honda Civic 1.8 V AT,2006,200000,54000,Petrol,Individual,Automatic,Second Owner
Hyundai,Hyundai Grand i10 1.2 Kappa Asta,2006,500000,15000,Petrol,Individual,Manual,First Owner
Maruti,Maruti Ignis 1.2 Alpha BSIV,2016,500000,9161,Petrol,Individual,Manual,First Owner
Ford,Ford,2012,175000,,Diesel,,Manual,
Hyundai,Petrol,2013,,19890,Petrol,Dealer,Automatic,First Owner
Volkswagen,Volkswagen Ameo 1.5 TDI Highline,2010,640000,56000,Diesel,Dealer,Manual,First Owner
Hyundai,Hyundai,2014,80000,56580,Petrol,Dealer,Manual,First Owner
Skoda,Skoda,2013,385000,,,,Manual,First Owner
Honda,Honda Amaze S i-Dtech,2019,310000,95851,Diesel,Dealer,Manual,First Owner
Maruti,Maruti,2012,,,Petrol,,Manual,
Mahindra,Mahindra Bolero SLX 2WD,2017,250000,190000,Diesel,Individual,Manual,Fourth & Above Owner
Renault,Renault,2012,490000,,Diesel,,Manual,
Tata,Tata,2015,120000,20000,Petrol,Individual,Manual,First Owner
Chevrolet,Chevrolet Cruze LTZ,2008,1000000,3600,Diesel,Dealer,Manual,First Owner
Hyundai,Hyundai Grand i10 Magna AT,,,,,,,First Owner
Jaguar,Jaguar XJ 5.0 L V8 Supercharged,2009,2550000,40000,Petrol,Individual,Automatic,Second Owner
BMW,BMW 7 Series 730Ld,2007,2500000,48000,Diesel,Dealer,Automatic,First Owner
Toyota,Toyota Fortuner 4x2 AT,2016,2600000,47162,Diesel,Trustmark Dealer,Automatic,First Owner
Maruti,Maruti Baleno Alpha CVT,,,,,,,First Owner
Tata,Tata Nano Lx BSIV,2017,75000,58850,Petrol,Dealer,Manual,First Owner
Ford,Ford Figo Diesel Titanium,2009,170000,90000,Diesel,Individual,Manual,Third Owner
Hyundai,Hyundai,2012,120000,,Petrol,,Manual,
Maruti,Maruti Ertiga ZDI,,,,,,,Second Owner
Volkswagen,Volkswagen Jetta 2.0 TDI Trendline,2012,270000,,Diesel,,Manual,
Hyundai,Hyundai,2015,770000,10000,Petrol,Individual,Automatic,First Owner
Hyundai,,2014,475000,42000,Petrol,Individual,Manual,First Owner
BMW,BMW,2013,,30000,Diesel,Dealer,Automatic,First Owner
Skoda,Skoda Rapid 1.6 MPI Ambition With Alloy Wheel,2009,640000,23000,Petrol,Individual,Manual,First Owner
Honda,Honda Jazz 1.5 VX i DTEC,2017,790000,19571,Diesel,Dealer,Manual,First Owner
Volkswagen,Volkswagen,2015,269000,76259,Petrol,Dealer,Automatic,First Owner
Fiat,Fiat Avventura MULTIJET Emotion,2007,350000,53000,Diesel,Individual,Manual,Second Owner
Hyundai,Hyundai i10 Magna,2018,240000,40000,,,,First Owner
Maruti,Maruti Zen Estilo 1.1 VXI BSIII,2018,120000,70000,Petrol,Individual,Manual,Second Owner
Mahindra,Mahindra Renault Logan 1.4 GLX Petrol,2017,80000,90000,Petrol,Individual,Manual,First Owner
Maruti,Maruti Alto LX,2010,52000,120000,Petrol,Individual,Manual,Third Owner
Maruti,Maruti Alto LXi,2006,100000,80000,Petrol,Individual,Manual,First Owner
Maruti,,2015,300000,100000,Petrol,Individual,Manual,Second Owner
Audi,Audi,2013,1300000,,,,Automatic,First Owner
Hyundai,Hyundai Creta 1.6 CRDi SX,2016,535000,52600,Diesel,Individual,Manual,First Owner
Hyundai,Hyundai Accent GLE CNG,2016,160000,70000,CNG,Individual,Manual,Third Owner
Hyundai,Hyundai i20 Active SX Petrol,2018,550000,23000,,,,First Owner
Maruti,Maruti Alto K10 VXI,2017,380000,22155,Petrol,Individual,Manual,First Owner
Skoda,Skoda Octavia Elegance 2.0 TDI AT,2017,1200000,135000,Diesel,Individual,Automatic,Third Owner
Maruti,Maruti Swift VVT ZXI,2009,550000,60000,Petrol,Individual,Manual,First Owner
Maruti,Maruti,2011,800000,,Diesel,,Manual,First Owner
Volkswagen,Volkswagen,2012,300000,,Diesel,,Manual,
Maruti,Maruti,2012,275000,,Petrol,,Manual,
Hyundai,Hyundai Grand i10 1.2 Kappa Sportz BSIV,2017,550000,25000,Petrol,Individual,Manual,First Owner
BMW,BMW 5 Series 520d Luxury Line,2009,2900000,40000,Diesel,Individual,Automatic,First Owner
Chevrolet,Chevrolet Beat PS,2019,300000,25000,Petrol,Individual,Manual,First Owner
Hyundai,Hyundai,2014,250000,120000,Petrol,Individual,Manual,First Owner
Hyundai,Hyundai Creta 1.4 EX Diesel,2014,535000,,,,Manual,First Owner
Maruti,,2012,940000,,Diesel,Individual,Manual,
Hyundai,Hyundai Verna CRDi,2018,150000,70950,Diesel,Individual,Manual,Second Owner
Tata,Tata Bolt Quadrajet XE,2008,250000,120000,Diesel,Individual,Manual,First Owner
Mahindra,Mahindra Bolero Power Plus LX,2018,500000,60000,Diesel,Individual,Manual,First Owner
Toyota,Toyota,2015,275000,51687,Petrol,Dealer,Manual,First Owner
Maruti,Maruti,2013,,7104,Petrol,Trustmark Dealer,Manual,First Owner
Maruti,Maruti,2015,415000,32670,Petrol,Dealer,Automatic,First Owner
Maruti,Maruti Alto K10 VXI,2017,350000,5000,Petrol,Individual,Manual,First Owner
Volkswagen,Volkswagen,2011,400000,,Petrol,,Manual,First Owner
Mahindra,Mahindra,2013,900000,,Diesel,,Manual,
Tata,Tata Indica Vista Terra Quadrajet 1.3L,2019,140000,90000,Diesel,Individual,Manual,Third Owner
Hyundai,,2014,325000,100000,Diesel,Individual,Manual,First Owner
Audi,Audi A4 3.0 TDI Quattro,2017,1580000,86000,Diesel,Dealer,Automatic,First Owner
Audi,Audi Q5 2.0 TDI,2012,1350000,,Diesel,,Automatic,
Hyundai,Hyundai Elantra CRDi (Leather Option),2019,125000,120000,Diesel,Individual,Manual,Third Owner
Hyundai,Hyundai,2014,350000,50000,Petrol,Individual,Manual,Second Owner
Honda,Honda,2011,495000,,Diesel,,Manual,First Owner
Maruti,Maruti Eeco 5 Seater AC BSIV,2006,401000,10200,Petrol,Dealer,Manual,First Owner
Maruti,Maruti,2014,138000,120000,Petrol,Individual,Manual,Fourth & Above Owner
Volkswagen,Volkswagen,2015,399000,44049,Diesel,Dealer,Manual,First Owner
Mahindra,Mahindra,,,,Petrol,Individual,Manual,First Owner
Hyundai,Hyundai Santro GS,2016,80000,56580,Petrol,Dealer,Manual,First Owner
Ford,Ford Figo Diesel Titanium,2009,190000,90000,Diesel,Individual,Manual,Third Owner
Tata,Tata Indica Vista TDI LS,2010,120000,120000,Diesel,Individual,Manual,Second Owner
Tata,Tata,2011,185000,,CNG,,Manual,First Owner
Maruti,Maruti,2014,540000,17500,Petrol,Individual,Manual,First Owner
Hyundai,Hyundai,2013,760000,,,,Manual,First Owner
Tata,Tata Zest Quadrajet 1.3 75PS XE,2010,300000,140000,Petrol,Individual,Manual,First Owner
Mahindra,Mahindra Bolero Power Plus SLX,2018,550000,44000,Diesel,Individual,Manual,First Owner
Renault,Renault,2013,390000,61585,Diesel,,Manual,First Owner
Hyundai,Hyundai EON Magna Plus,2008,170000,60000,Petrol,Individual,Manual,First Owner
Maruti,Maruti Alto LX,2018,110000,60000,Petrol,Individual,Manual,First Owner
Maruti,Maruti,2015,370000,82000,Petrol,Individual,Automatic,First Owner
Ford,Ford Figo Diesel Celebration Edition,2019,260000,65000,Diesel,Individual,Manual,First Owner
Hyundai,Hyundai,2015,525000,70378,Petrol,Dealer,Manual,First Owner
Mercedes-Benz,Mercedes-Benz New C-Class C 220 CDI BE Avantgare,2010,2000000,15000,Diesel,Individual,Automatic,First Owner
Maruti,Maruti Alto LXi,2016,140000,80000,Petrol,Individual,Manual,Second Owner
Hyundai,Hyundai,,,,,,Manual,First Owner
Mahindra,Mahindra Renault Logan 1.5 DLS,2010,89999,213000,Diesel,Individual,Manual,First Owner
Mercedes-Benz,Diesel,2013,,10000,Diesel,Dealer,Automatic,First Owner
Mahindra,Mahindra Xylo E4 BS III,2007,600000,60000,Diesel,Individual,Manual,First Owner
Tata,Tata Indica V2 2001-2011 DLS BSIII,2010,90000,120000,Diesel,Dealer,Manual,First Owner
Ford,Ford EcoSport 1.5 TDCi Titanium BSIV,2017,950000,21394,Diesel,Dealer,Manual,First Owner
Skoda,Skoda Superb Ambition 2.0 TDI CR AT,2005,450000,130400,Diesel,Dealer,Automatic,Second Owner
Tata,Tata Indica DLS,2006,70000,80000,Diesel,Individual,Manual,First Owner
Tata,Tata Sumo Gold EX,,,,Petrol,Individual,Manual,First Owner
Maruti,Maruti,2011,490000,,Diesel,,Manual,Second Owner
Maruti,Maruti Alto LX,2019,151000,40000,Petrol,Individual,Manual,First Owner
Hyundai,,2011,500000,,Petrol,Individual,Manual,First Owner
Maruti,Maruti Swift VXI Deca,2018,455000,40000,Petrol,Individual,Manual,First Owner
Hyundai,Hyundai Xcent 1.1 CRDi Base,2018,375000,72000,Diesel,Individual,Manual,First Owner
Hyundai,Hyundai Santro Xing GLS,2016,140000,120000,Petrol,Individual,Manual,First Owner
Maruti,Maruti Wagon R LXI CNG,2018,250000,71000,CNG,Individual,Manual,Second Owner
Maruti,Maruti,2012,145000,,Petrol,,Manual,First Owner
Toyota,Toyota Camry 2.5 Hybrid,2017,1900000,20000,Petrol,Individual,Automatic,First Owner
Maruti,Maruti,2011,80000,,Petrol,,Manual,Third Owner
Skoda,Skoda,2015,269000,52547,Petrol,Dealer,Manual,First Owner
Audi,Audi Q7 35 TDI Quattro Premium,2005,1250000,78000,Diesel,Dealer,Automatic,Third Owner
Maruti,Maruti,2013,665000,560000,Diesel,,Manual,First Owner
Hyundai,Hyundai Elite i20 Asta Option BSIV,2010,800000,11240,Petrol,Individual,Manual,First Owner
Maruti,Maruti SX4 ZXI MT BSIV,2007,250000,110000,Petrol,Individual,Manual,Third Owner
Chevrolet,Chevrolet Spark 1.0 LS,2008,130000,80000,Petrol,Individual,Manual,First Owner
Hyundai,Petrol,2013,,10510,Petrol,Dealer,Automatic,First Owner
Hyundai,Hyundai Santro LP zipPlus,2008,75000,57000,Petrol,Individual,Manual,First Owner
Ford,Ford,,,,,,,Second Owner
Ford,Ford,2013,600000,,Diesel,,Manual,
Maruti,Maruti Swift Vdi BSIII,,,,Diesel,Individual,Manual,Second Owner
Honda,Honda Brio 1.2 VX MT,2012,,,Petrol,,Manual,
Maruti,,2011,800000,,Diesel,Individual,Manual,First Owner
Renault,Renault Lodgy 85PS RxL,2017,715000,35000,Diesel,Individual,Manual,First Owner
Hyundai,Hyundai i20 Active 1.2 S,2018,600000,10000,Petrol,Individual,Manual,First Owner
Tata,Tata Nano Lx,2018,60000,40000,Petrol,Individual,Manual,First Owner
Chevrolet,Chevrolet Beat Diesel LT,2010,130000,80000,Diesel,Individual,Manual,Second Owner
Hyundai,Hyundai i20 Magna 1.2,2013,760000,55340,Petrol,,Manual,First Owner
Hyundai,Hyundai Creta 1.6 CRDi SX,2016,535000,52600,Diesel,Individual,Manual,First Owner
Tata,Tata,2015,120000,20000,Petrol,Individual,Manual,First Owner
Maruti,Maruti,2015,750000,55545,Diesel,Dealer,Manual,First Owner
Tata,Tata Indica Vista Quadrajet LS,2006,125000,166000,Diesel,Individual,Manual,Fourth & Above Owner
Maruti,Maruti,2014,299000,50000,Diesel,Individual,Manual,Second Owner
Hyundai,Hyundai EON Era Plus,2017,260000,37605,Petrol,Dealer,Manual,First Owner
Maruti,Maruti Ciaz ZXi Plus,2017,675000,66000,Petrol,Individual,Manual,First Owner
Nissan,Nissan Terrano XV Premium 110 PS,2016,750000,80000,Diesel,Individual,Manual,First Owner
Maruti,Maruti Alto 800 LXI,2019,280000,15000,Petrol,Individual,Manual,Second Owner
Maruti,Maruti Alto LXi,,,,Petrol,Individual,Manual,Third Owner
Chevrolet,Chevrolet Beat Diesel,2007,165000,60000,Diesel,Individual,Manual,Second Owner
Ford,Ford Endeavour 2.5L 4X2 MT,2012,,,Diesel,,Manual,
Hyundai,Hyundai EON Era Plus,2010,235000,54000,Petrol,Dealer,Manual,First Owner
Hyundai,Hyundai,2014,229999,49824,Petrol,Dealer,Manual,First Owner
Maruti,Maruti Alto LX,2012,,,Petrol,Individual,Manual,
Maruti,Maruti Alto 800 LXI,2016,160000,50000,Petrol,Individual,Manual,First Owner
Hyundai,Hyundai Grand i10 Asta,2017,550000,9748,Petrol,Dealer,Manual,First Owner
Mahindra,Mahindra Scorpio LX,2017,385000,110000,Diesel,Individual,Manual,Third Owner
Maruti,Maruti Wagon R LXI Minor,2018,80000,120000,Petrol,Individual,Manual,Second Owner
Mahindra,Mahindra Bolero SLX,2012,170000,,Diesel,,Manual,
Volkswagen,Volkswagen Polo Diesel Trendline 1.2L,2012,350000,,Diesel,,Manual,
Hyundai,Hyundai Santro Xing XG,2009,70000,110000,Petrol,Individual,Manual,Third Owner
Renault,Renault Duster 110PS Diesel RxL,2011,800000,,Diesel,Individual,Manual,First Owner
Chevrolet,Chevrolet,2011,160000,,Diesel,,Manual,Third Owner
Audi,Audi,2013,,58500,Diesel,Dealer,Automatic,First Owner
Maruti,Maruti Swift Glam,2012,,,Petrol,Dealer,Manual,
Hyundai,Hyundai Elite i20 Diesel Era,2007,650000,25000,Diesel,Individual,Manual,First Owner
Toyota,Toyota Corolla Altis G AT,2005,900000,50000,Petrol,Individual,Automatic,First Owner
Hyundai,Hyundai i10 Sportz 1.2,2016,210000,60000,Petrol,Individual,Manual,Second Owner
Land,Land,2015,4000000,68000,Diesel,Individual,Automatic,First Owner
Maruti,Maruti,2014,625000,,,,Manual,First Owner
Ford,Ford,2013,450000,,Diesel,,Manual,
Chevrolet,Chevrolet Sail Hatchback 1.3 TCDi LT ABS,2017,250000,120000,Diesel,Individual,Manual,First Owner
Hyundai,Hyundai,2014,390000,86000,Diesel,Dealer,Manual,Second Owner
Tata,Tata,2015,285000,90000,Petrol,Individual,Manual,First Owner
Tata,Tata Nano Lx,2017,120000,20000,Petrol,Individual,Manual,First Owner
Renault,Renault,2012,270000,,Petrol,,Manual,First Owner
Maruti,Maruti Wagon R VXI BS IV,2005,275000,60000,Petrol,Individual,Manual,Second Owner
Maruti,Maruti,2014,600000,46507,Diesel,Trustmark Dealer,Manual,First Owner
Hyundai,Hyundai EON Magna Plus,2006,300000,31000,Petrol,Individual,Manual,First Owner
Audi,Audi A8 4.2 TDI,2007,2800000,49000,Diesel,Dealer,Automatic,First Owner
Hyundai,Hyundai,2013,,10510,Petrol,Dealer,Automatic,First Owner
Tata,Tata Indica Vista Quadrajet LX,2019,175000,80000,Diesel,Individual,Manual,Third Owner
Maruti,Maruti Wagon R LXI Minor,2007,100000,60000,Petrol,Individual,Manual,Fourth & Above Owner
Renault,Renault KWID 1.0 RXT Optional,2018,350000,10000,Petrol,Individual,Manual,First Owner
Hyundai,Hyundai i10 Era,2010,175000,139000,Petrol,Individual,Manual,Second Owner
Honda,Honda Amaze S i-Dtech,,,,Diesel,Individual,Manual,First Owner
Hyundai,Hyundai Elantra CRDi S,2005,625000,40000,Diesel,Individual,Manual,First Owner
Maruti,Maruti,2013,,45974,Diesel,Trustmark Dealer,Manual,First Owner
Hyundai,Hyundai Grand i10 Asta Option,2017,490000,31080,Petrol,Dealer,Manual,First Owner
Volkswagen,Volkswagen Polo 2015-2019 1.2 MPI Highline,,,,Petrol,Dealer,Manual,First Owner
Maruti,,2014,250000,38000,Petrol,Individual,Manual,First Owner
Hyundai,Hyundai Santro Xing GLS,2017,250000,50000,Petrol,Individual,Manual,Second Owner
Renault,Renault Duster 110PS Diesel RxZ,2009,320000,90000,Diesel,Individual,Manual,Second Owner
Audi,Audi,2015,1549000,42215,Diesel,Dealer,Automatic,First Owner
Mercedes-Benz,Mercedes-Benz C-Class Progressive C 220d,2016,3800000,10000,Diesel,Dealer,Automatic,First Owner
Toyota,Toyota,2013,1725000,23974,Diesel,Dealer,Automatic,Second Owner
Hyundai,Hyundai,2015,210000,90000,Petrol,Individual,Manual,Third Owner
Maruti,Maruti Swift Dzire VDI Optional,2006,725000,18500,Diesel,Individual,Manual,First Owner
Maruti,Maruti Swift VDI,2016,285000,50000,Diesel,Individual,Manual,Second Owner
Ford,Ford Endeavour Hurricane Limited Edition,2017,400000,110000,Diesel,Individual,Automatic,Fourth & Above Owner
BMW,BMW 7 Series Signature 730Ld,2017,4000000,47000,Diesel,Individual,Automatic,First Owner
Mitsubishi,Mitsubishi Pajero Sport 4X4,2017,1025000,167870,Diesel,Dealer,Manual,Second Owner
Maruti,Maruti Baleno Alpha 1.3,,,,Diesel,Dealer,Manual,First Owner
Ford,Ford,2011,700000,,Diesel,,Manual,First Owner
Hyundai,Hyundai,2015,620000,70000,Diesel,Individual,Manual,Second Owner
Hyundai,Hyundai i10 Magna 1.1L,2005,229999,60000,Petrol,Individual,Manual,Fourth & Above Owner
Toyota,Toyota Innova 2.0 GX 8 STR BSIV,2016,550000,197000,Petrol,Individual,Manual,Second Owner
Toyota,Toyota,,,,,,Automatic,First Owner
Audi,Audi A6 2.0 TDI Premium Plus,2016,1300000,58500,Diesel,Dealer,Automatic,First Owner
Maruti,Maruti Swift VDI BSIV,2009,600000,80362,Diesel,Individual,Manual,First Owner
Mitsubishi,Mitsubishi,2011,525000,,Petrol,,Automatic,First Owner
Hyundai,Hyundai EON D Lite,2016,210000,30000,Petrol,Individual,Manual,First Owner
Mahindra,Mahindra XUV500 W11 AT BSIV,2012,,,Diesel,,Automatic,
Maruti,Maruti,2015,150000,50000,Petrol,Individual,Manual,First Owner
Skoda,Skoda,2014,120000,120000,Diesel,Individual,Manual,Second Owner
Maruti,Maruti Swift Dzire VDi,2018,250000,82000,Diesel,Individual,Manual,Second Owner
Chevrolet,Chevrolet Beat LT Option,2016,239000,41000,Petrol,Dealer,Manual,First Owner
Hyundai,Hyundai,2013,,55340,Petrol,Individual,Manual,First Owner
Mahindra,Mahindra,2015,600000,60000,Diesel,Individual,Manual,First Owner
Hyundai,Hyundai i10 Sportz 1.1L,2018,375000,10000,Petrol,Individual,Manual,First Owner
Honda,Honda,2015,350000,34823,Petrol,Dealer,Manual,Second Owner
Ford,Ford Figo Aspire 1.2 Ti-VCT Titanium Plus,2008,530000,14272,Petrol,Dealer,Manual,First Owner
Honda,Honda,,,,,,Manual,Second Owner
Toyota,Toyota Corolla Altis 1.8 VL AT,2017,350000,80000,Petrol,Individual,Automatic,Third Owner
Maruti,Maruti Baleno Zeta,2018,700000,1100,Petrol,Individual,Manual,First Owner
Ford,Ford EcoSport 1.5 Diesel Titanium Plus BSIV,2008,840000,49213,Diesel,Dealer,Manual,First Owner
Honda,Honda City i DTEC VX,,,,Diesel,Individual,Manual,First Owner
Hyundai,Hyundai,2012,,,Petrol,,Manual,
Chevrolet,Chevrolet Tavera Neo 2 LT L 9 Str,2018,400000,110000,Diesel,Individual,Manual,First Owner
Hyundai,Hyundai EON D Lite Plus,2012,,,Petrol,,Manual,
Hyundai,Hyundai Verna 1.6 CRDI,2012,,,Diesel,,Manual,
Maruti,Maruti Alto 800 LXI,2016,150000,60000,Petrol,Individual,Manual,First Owner
Honda,Honda,2013,425000,29654,Petrol,Trustmark Dealer,Manual,First Owner
Honda,Honda City E,2019,380000,123084,Petrol,Dealer,Manual,First Owner
Hyundai,Hyundai,2013,,56580,Petrol,Dealer,Manual,First Owner
Hyundai,Hyundai Santro Xing XO,2007,80000,58000,Petrol,Dealer,Manual,Second Owner
Maruti,Maruti,2014,710000,8000,Petrol,Individual,Automatic,First Owner
Hyundai,Hyundai Xcent 1.1 CRDi Base,2018,375000,72000,Diesel,Individual,Manual,First Owner
Maruti,Maruti,2014,110000,20000,Petrol,Individual,Manual,First Owner
Hyundai,Hyundai,2013,600000,,Petrol,,Manual,
BMW,BMW X5 xDrive 30d xLine,2017,4950000,30000,Diesel,Dealer,Automatic,First Owner
Maruti,Maruti,2012,140000,,Petrol,,Manual,
Mahindra,Mahindra,2013,225000,120000,Diesel,,Manual,Second Owner
Maruti,Maruti,2014,925000,11000,Petrol,Individual,Manual,First Owner
Chevrolet,Chevrolet,2014,250000,100000,Diesel,Individual,Manual,Fourth & Above Owner
Ford,Ford Figo Petrol Titanium,2009,350000,43000,Petrol,Dealer,Manual,First Owner
Maruti,Maruti,2012,300000,,Petrol,,Automatic,First Owner
Ford,Ford Ecosport 1.5 DV5 MT Titanium,2012,,,Diesel,,Manual,
Skoda,Skoda Rapid 1.5 TDI Elegance,2006,450000,120000,Diesel,Individual,Manual,Second Owner
Chevrolet,Chevrolet,2012,240000,,Diesel,,Manual,First Owner
Ford,Ford,2015,275000,70000,Petrol,Individual,Manual,First Owner
Chevrolet,Chevrolet Tavera LT L1 7 Seats BSIII,2016,140000,200000,Diesel,Individual,Manual,Third Owner
Maruti,Maruti Swift 1.2 DLX,2018,351000,40000,Petrol,Individual,Manual,Second Owner
Mahindra,Mahindra,2015,900000,63654,Diesel,Dealer,Manual,First Owner
Hyundai,Hyundai Verna CRDi 1.6 SX,2017,900000,50000,Diesel,Individual,Manual,First Owner
Hyundai,Hyundai Creta 1.4 EX Diesel,2012,,,Petrol,,Manual,
Maruti,Maruti Ciaz 1.4 Delta,2009,650000,70000,Petrol,Individual,Manual,First Owner
Hyundai,Petrol,2013,,49824,Petrol,Dealer,Manual,First Owner
Skoda,Skoda,2013,350000,,Diesel,Dealer,Manual,First Owner
Hyundai,Hyundai Verna 1.6 SX VTVT AT,2016,450000,60000,Petrol,Individual,Automatic,Third Owner
Maruti,,2015,140000,30000,Petrol,Individual,Manual,First Owner
Maruti,Maruti Wagon R VXI,2012,130000,,Petrol,,Manual,
Audi,,2013,,86000,Diesel,Individual,Automatic,First Owner
Hyundai,Hyundai Santro Xing XG eRLX Euro III,2016,90000,120000,Petrol,Individual,Manual,Second Owner
Toyota,Toyota,2011,1800000,,Diesel,Individual,Manual,First Owner
Mahindra,Mahindra Scorpio S11 BSIV,2010,1500000,20000,Diesel,Individual,Manual,First Owner
Skoda,Skoda Rapid 1.6 MPI Ambition With Alloy Wheel,2017,640000,23000,Petrol,Individual,Manual,First Owner
Hyundai,Hyundai,2015,325000,35299,Petrol,Dealer,Manual,First Owner
Maruti,Maruti,2013,310000,,Diesel,,Manual,
Renault,Renault Duster 85PS Diesel RxL Optional,2007,600000,120000,Diesel,Individual,Manual,First Owner
Tata,Tata,,,,,,Manual,First Owner
Maruti,Maruti,2014,600000,18000,Petrol,Individual,Automatic,First Owner
Maruti,Maruti,2015,480000,120000,Diesel,Individual,Manual,Fourth & Above Owner
Honda,Honda Brio S Option AT,2012,285000,,Petrol,,Automatic,
BMW,BMW X5 xDrive 30d xLine,2016,4950000,30000,Diesel,Dealer,Automatic,First Owner
Datsun,Datsun GO Plus T Option Petrol,2010,434999,10000,Petrol,Individual,Manual,First Owner
Toyota,Toyota Fortuner 4x2 AT,,,,,,,First Owner
Toyota,Diesel,2013,,47162,Diesel,Trustmark Dealer,Automatic,First Owner
Chevrolet,Chevrolet Tavera Neo 3 LS 7 C BSIII,2008,400000,120000,Diesel,Individual,Manual,First Owner
Tata,Tata Indigo CR4,2009,150000,155500,Diesel,Individual,Manual,First Owner
Maruti,Maruti Swift Dzire VDI,,,,Diesel,Individual,Manual,First Owner
Mercedes-Benz,Mercedes-Benz E-Class E 200 CGI Elegance,2005,850000,119000,Petrol,Dealer,Automatic,First Owner
Hyundai,Hyundai,2015,550000,25000,Petrol,Individual,Manual,First Owner
Maruti,Maruti SX4 Vxi BSIV,2016,225000,110000,Petrol,Individual,Manual,Second Owner
Maruti,Maruti Wagon R VXI BS IV,2006,300000,80000,Petrol,Dealer,Manual,First Owner
Audi,Audi A4 3.0 TDI Quattro,2016,1580000,86000,Diesel,Dealer,Automatic,First Owner
Hyundai,Hyundai,2013,,49824,Petrol,Dealer,Manual,First Owner
Maruti,,2015,225000,110000,Petrol,Individual,Manual,Second Owner
Hyundai,Hyundai,2014,409999,60000,Diesel,Individual,Manual,Second Owner
Volkswagen,Volkswagen,2015,254999,54206,Petrol,Dealer,Manual,First Owner
Maruti,Diesel,2013,,45974,Diesel,Trustmark Dealer,Manual,First Owner
Hyundai,Hyundai,2013,,55340,Petrol,Trustmark Dealer,Manual,First Owner
Maruti,Maruti Swift Dzire VXI,2016,400000,90000,Petrol,Individual,Manual,First Owner
Skoda,Skoda Yeti Ambition 4X2,2018,650000,85000,Diesel,Individual,Manual,Second Owner
Toyota,Toyota Innova 2.5 GX (Diesel) 7 Seater,2016,940000,128000,Diesel,Individual,Manual,First Owner
Maruti,Maruti,2015,611000,34400,Diesel,Dealer,Manual,First Owner
Maruti,Maruti Wagon R LXI CNG,2018,250000,71000,CNG,Individual,Manual,Second Owner
Maruti,Maruti,2015,450000,50000,Petrol,Individual,Automatic,First Owner
Tata,Tata Safari Storme VX Varicor 400,2018,1085000,15000,Diesel,Individual,Manual,First Owner
Maruti,Maruti,2013,300000,,Diesel,,Manual,
Mahindra,Mahindra Bolero 2011-2019 SLX,2016,400000,107000,Diesel,Individual,Manual,First Owner
Maruti,Maruti,,,,,,Manual,Second Owner
Chevrolet,Chevrolet Beat LT Option,2016,239000,41000,Petrol,Dealer,Manual,First Owner
Maruti,Maruti Swift Dzire VDI,2018,200000,107143,Diesel,Individual,Manual,Second Owner
Hyundai,Hyundai Santro GS,2016,80000,56580,Petrol,Dealer,Manual,First Owner
Maruti,Maruti Vitara Brezza ZDi Plus,2018,819999,85000,Diesel,Individual,Manual,First Owner
Maruti,Maruti Alto LXi BSIII,2018,150000,40000,Petrol,Individual,Manual,Second Owner
Maruti,Maruti,2013,770000,64672,Diesel,Trustmark Dealer,Manual,First Owner
Hyundai,Hyundai i20 Asta 1.4 CRDi,2018,300000,90000,Diesel,Individual,Manual,First Owner
Hyundai,Hyundai,2015,1200000,25000,Diesel,Individual,Manual,First Owner
Hyundai,Hyundai Xcent 1.1 CRDi Base,2018,375000,72000,Diesel,Individual,Manual,First Owner
Renault,Renault,,,,,,,First Owner
Hyundai,Hyundai i10 Sportz 1.2,,,,,,,Second Owner
Maruti,Maruti Swift Dzire VDI,,,,Diesel,Individual,Manual,First Owner
Volkswagen,Volkswagen Vento 1.5 TDI Highline Plus AT,2016,890000,40219,Diesel,Dealer,Automatic,First Owner
Maruti,Maruti,,,,Petrol,Individual,Manual,First Owner
Ford,Ford Ecosport 1.5 DV5 MT Titanium,2018,425000,72000,Diesel,Individual,Manual,First Owner
Chevrolet,Chevrolet Beat Diesel LS,2010,220000,100000,Diesel,Individual,Manual,Second Owner
Hyundai,Hyundai,2015,220000,43700,Petrol,Individual,Manual,First Owner
Maruti,Maruti,2014,229999,11451,Petrol,Individual,Manual,First Owner
Honda,Honda City V MT,2005,930000,14500,Petrol,Dealer,Manual,First Owner
Renault,Renault Duster 85PS Diesel RxE,2012,400000,,Diesel,,Manual,
Hyundai,Hyundai Creta 1.4 EX Diesel,2013,,52600,Diesel,Individual,Manual,First Owner
Honda,Honda Amaze VX i-VTEC,2017,680000,48600,Petrol,Dealer,Manual,First Owner
Maruti,Maruti,2012,400000,,Diesel,,Manual,First Owner
Hyundai,Hyundai Grand i10 Sportz,2012,400000,,Petrol,,Manual,
Mahindra,Mahindra,2015,750000,41988,Diesel,Dealer,Manual,First Owner
Honda,Honda City i DTEC VX,2006,675000,90000,Diesel,Dealer,Manual,First Owner
Chevrolet,Chevrolet Spark 1.0 LT,2011,125000,,Petrol,Individual,Manual,First Owner
Maruti,Maruti Vitara Brezza ZDi Plus AMT Dual Tone,2017,950000,15000,Diesel,Individual,Automatic,First Owner
Toyota,Toyota Fortuner 4x4 MT,2012,,,Diesel,Dealer,Manual,
Volkswagen,Volkswagen Vento 1.5 TDI Comfortline,2017,390000,45454,Diesel,Dealer,Manual,First Owner
Maruti,Maruti,2014,670000,,,,Manual,First Owner
Toyota,Toyota,2015,250000,80000,Diesel,Individual,Manual,Second Owner
Nissan,Nissan Micra XL,2009,210000,40000,Petrol,Individual,Manual,Second Owner
Tata,Tata Tiago NRG Petrol,2012,,,Petrol,Individual,Manual,
Fiat,Fiat,2015,55000,35000,Diesel,Individual,Manual,Second Owner
Hyundai,Hyundai Verna CRDi,2012,195000,,Diesel,,Manual,
Volkswagen,Volkswagen Vento Celeste 1.5 TDI Highline AT,2009,650000,70000,Diesel,Individual,Automatic,First Owner
Hyundai,Hyundai Verna i (Petrol),2010,120000,90000,Petrol,Individual,Manual,Second Owner
Maruti,Maruti 800 Std,2008,40000,40000,Petrol,Individual,Manual,Fourth & Above Owner
Hyundai,Hyundai i20 1.2 Spotz,2016,400000,50000,Petrol,Individual,Manual,First Owner
Hyundai,Hyundai Getz 1.3 GLS,2008,210000,53772,Petrol,Individual,Manual,First Owner
Maruti,Maruti Zen LXI,2018,90000,90000,Petrol,Individual,Manual,Second Owner
Hyundai,Hyundai Getz GLE,2013,80000,,,,Manual,First Owner
Hyundai,Hyundai EON D Lite Plus,2018,229999,13500,Petrol,Individual,Manual,First Owner
Nissan,Nissan Terrano XL 85 PS,2018,600000,27000,,,,First Owner
Hyundai,Hyundai Creta 1.4 EX Diesel,2007,780000,60000,Diesel,Individual,Manual,First Owner
Toyota,Toyota Fortuner 4x4 MT,2012,,,Petrol,Individual,Manual,
Maruti,Maruti Alto LX,2010,140000,70000,Petrol,Individual,Manual,Second Owner
Renault,Renault,2015,220000,60000,Petrol,Individual,Manual,Third Owner
Mahindra,Mahindra,2015,475000,45087,Diesel,Dealer,Manual,First Owner
Maruti,Maruti Alto K10 LXI CNG,2009,282000,40000,CNG,Individual,Manual,First Owner
Maruti,Maruti Alto 800 LXI,2017,210000,20000,Petrol,Individual,Manual,First Owner
Maruti,Maruti Swift Dzire ZDI,2017,750000,50000,Diesel,Individual,Manual,First Owner
Hyundai,Hyundai,2013,,19890,Petrol,Dealer,Automatic,First Owner
Chevrolet,Chevrolet,2014,150000,150000,Diesel,Individual,Manual,First Owner
Maruti,Maruti,,,,,,Manual,First Owner
Maruti,Maruti Ciaz 1.3 Delta,2006,750000,60000,Diesel,Individual,Manual,First Owner
Toyota,Toyota Innova Crysta 2.4 VX MT BSIV,2017,1770000,25000,Diesel,Individual,Manual,First Owner
Mahindra,Mahindra Scorpio 1.99 S6 Plus,2006,570000,60000,Diesel,Individual,Manual,First Owner
Renault,Renault,2015,700000,60000,Diesel,Individual,Manual,First Owner
Maruti,Maruti Swift Dzire VDi,,,,,,,Third Owner
Renault,Renault,2013,525000,65000,Diesel,,Manual,First Owner
Hyundai,Hyundai,2011,900000,,Diesel,,Manual,First Owner
Maruti,Maruti Swift Dzire 1.2 Vxi BSIV,2011,395000,49000,Petrol,Individual,Manual,Second Owner
Hyundai,Hyundai Grand i10 Magna,2010,390000,90000,Petrol,Individual,Manual,First Owner
Hyundai,Hyundai,2012,600000,,Petrol,,Manual,
Mahindra,Mahindra,2015,550000,78413,Diesel,Dealer,Manual,Second Owner
Maruti,Maruti,2011,180000,,Diesel,Individual,Manual,First Owner
Maruti,Maruti,2013,,46507,Diesel,Trustmark Dealer,Manual,First Owner
Maruti,Maruti Eeco 5 Seater AC BSIV,2018,260000,30000,,,,First Owner
Maruti,Maruti,2011,225000,,Petrol,,Manual,First Owner
Honda,Honda,2015,400000,15000,Petrol,Individual,Manual,First Owner
Maruti,Maruti S-Cross Zeta DDiS 200 SH,2016,750000,45974,Diesel,Trustmark Dealer,Manual,First Owner
Maruti,Maruti,2015,220000,90000,Diesel,Individual,Manual,Third Owner
Tata,Tata Indica Vista Quadrajet LX,2012,133000,,Diesel,,Manual,
Toyota,Toyota Corolla Altis 1.8 VL CVT,2004,1650000,25000,Petrol,Dealer,Automatic,First Owner
Tata,Tata Tigor 1.2 Revotron XT,2005,525000,15000,Petrol,Individual,Manual,First Owner
Maruti,Maruti Ritz LXI,2017,300000,15000,Petrol,Individual,Manual,First Owner
Honda,Honda City S,,,,Petrol,Individual,Manual,Second Owner
Renault,Renault KWID 1.0 RXT Optional,2016,300000,10500,Petrol,Individual,Manual,First Owner
BMW,BMW,2011,2000000,,Diesel,,Automatic,First Owner
Audi,Diesel,2013,,86000,Diesel,Dealer,Automatic,First Owner
Ford,Ford,2012,150000,,Diesel,,Manual,Second Owner
Chevrolet,Chevrolet Beat LT Option,,,,,,,First Owner
Tata,Tata,2012,400000,,Diesel,Individual,Manual,First Owner
Tata,Tata Indigo Classic Dicor,2006,100000,39000,Diesel,Individual,Manual,First Owner
Hyundai,Hyundai Xcent 1.2 Kappa S,,,,,,,First Owner
Maruti,Maruti,2015,470000,8000,Petrol,Individual,Manual,First Owner
Hyundai,Hyundai,2013,850000,84000,Diesel,,Manual,First Owner
Maruti,Maruti,2014,270000,25000,Petrol,Individual,Manual,First Owner
Audi,Audi A5 Sportback,2017,4700000,1500,Diesel,Individual,Automatic,First Owner
Maruti,Maruti,,,,,,,First Owner
Hyundai,Hyundai i20 Asta 1.4 CRDi,2017,300000,90000,Diesel,Individual,Manual,First Owner
Skoda,Skoda,2014,385000,52000,Diesel,Dealer,Manual,First Owner
Hyundai,Hyundai Xcent 1.1 CRDi Base,2018,375000,72000,Diesel,Individual,Manual,First Owner
Maruti,Maruti Alto 800 LXI,2012,310000,,Petrol,,Manual,
Datsun,Datsun,,,,,,,First Owner
Volkswagen,Volkswagen Polo 1.0 MPI Trendline,2017,271000,49000,Petrol,Dealer,Manual,First Owner
Maruti,Maruti,2015,450000,46000,Diesel,Individual,Manual,First Owner
Hyundai,Hyundai i10 Sportz 1.1L,2008,229999,40000,Petrol,Individual,Manual,First Owner
Maruti,Maruti Wagon R VXI Minor ABS,2019,260000,50000,Petrol,Individual,Manual,First Owner
Renault,Renault KWID 1.0 RXT Optional,,,,Petrol,Dealer,Manual,First Owner
Toyota,Toyota,2012,450000,,Petrol,Individual,Manual,
Hyundai,Hyundai Creta 1.4 EX Diesel,2012,200000,,Petrol,,Manual,First Owner
Tata,Tata,2014,360000,206500,Diesel,Individual,Manual,First Owner
Hyundai,Hyundai Verna CRDi 1.6 AT SX Option,,,,Diesel,Individual,Automatic,First Owner
Maruti,Maruti Alto LX,2009,150000,60000,Petrol,Individual,Manual,Second Owner
Maruti,Maruti SX4 Zxi with Leather BSIII,2009,175000,78380,Petrol,Individual,Manual,First Owner
Tata,Tata,2015,170000,60000,Diesel,Individual,Manual,First Owner
Toyota,Toyota Etios Cross 1.2L G,2016,320000,60000,Petrol,Individual,Manual,First Owner
Mahindra,Mahindra TUV 300 T4 Plus,2012,760000,,Diesel,,Manual,
Mahindra,Mahindra Supro VX 8 Str,2012,,,Diesel,,Manual,
Maruti,Maruti Swift Dzire VDI,2012,240000,,Diesel,,Manual,
Maruti,Maruti Swift Dzire VDI,2012,,,Diesel,,Manual,
Maruti,Maruti,2012,,,Diesel,,Manual,
Honda,Honda Brio 1.2 E MT,2011,350000,20000,Petrol,Individual,Manual,First Owner
Nissan,Nissan Sunny Diesel XV,2019,300000,170000,Diesel,Individual,Manual,First Owner
Toyota,Toyota Etios Liva GD,2016,450000,70000,Diesel,Individual,Manual,Second Owner
Ford,Ford,2015,650000,15000,Petrol,Individual,Manual,First Owner
Mahindra,Mahindra Bolero SLX,2012,,,Diesel,,Manual,
Tata,Tata,,,,,,,Second Owner
Maruti,Maruti,2011,550000,,Petrol,,Manual,First Owner
Honda,Honda Brio E MT,2009,260000,70000,Petrol,Individual,Manual,Second Owner
Maruti,Maruti Swift Dzire VDI,2016,600000,46507,Diesel,Trustmark Dealer,Manual,First Owner
Tata,Tata Indica Vista TDI LS,2019,210000,135000,Diesel,Individual,Manual,Second Owner
Chevrolet,,2012,300000,,Diesel,Individual,Manual,
Toyota,Toyota Fortuner 4x2 AT,2016,2600000,47162,Diesel,Trustmark Dealer,Automatic,First Owner
Hyundai,Hyundai,2015,1199000,30093,Diesel,Dealer,Automatic,First Owner
Toyota,Toyota,2013,2750000,41000,Diesel,,Automatic,First Owner
Honda,Honda Amaze VX Diesel BSIV,2017,780000,25000,Diesel,Dealer,Manual,First Owner
Mahindra,Mahindra Verito 1.5 D4 BSIV,,,,,,,First Owner
Mercedes-Benz,,2013,,10000,Diesel,Individual,Automatic,First Owner
Toyota,Toyota,2015,1500000,50000,Diesel,Individual,Manual,First Owner
Renault,Renault Captur 1.5 Diesel RXT,2017,825000,13500,Diesel,Individual,Manual,First Owner
Jeep,Jeep Compass 1.4 Sport Plus BSIV,2005,1400000,10000,Petrol,Individual,Manual,First Owner
Ford,Ford Fiesta Classic 1.4 SXI Duratorq,2010,110000,120000,Diesel,Individual,Manual,Third Owner
Toyota,Toyota Innova 2.5 G (Diesel) 8 Seater,2018,1000000,101000,Diesel,Individual,Manual,Second Owner
Volkswagen,Volkswagen,2014,250000,100000,Diesel,Dealer,Manual,First Owner
Hyundai,Hyundai EON Era Plus,2017,160000,70000,Petrol,Individual,Manual,Third Owner
Tata,Tata Nano LX SE,2009,72000,25000,Petrol,Individual,Manual,First Owner
Chevrolet,Chevrolet,2011,350000,,Petrol,,Manual,First Owner
Hyundai,Hyundai,2013,1150000,54634,Diesel,Trustmark Dealer,Automatic,Second Owner
Maruti,Maruti Alto 800 LXI Airbag,2017,250000,50000,Petrol,Individual,Manual,First Owner
Hyundai,Hyundai Grand i10 1.2 Kappa Magna AT,2016,550000,19890,Petrol,Dealer,Automatic,First Owner
Maruti,Maruti Ertiga VXI,2016,625000,11918,Petrol,Trustmark Dealer,Manual,First Owner
Maruti,Maruti Ciaz ZXi,2018,625000,30000,Petrol,Individual,Manual,First Owner
Honda,Honda Amaze S i-Vtech,2008,490000,50000,Petrol,Individual,Manual,First Owner
Toyota,Toyota,2015,425000,36000,Diesel,Dealer,Manual,First Owner
Chevrolet,Chevrolet Sail Hatchback LS ABS,2012,,,Diesel,,Manual,
Maruti,Maruti Alto LX,2017,150000,60000,Petrol,Individual,Manual,Second Owner
Maruti,,,,,,Individual,,First Owner
Mahindra,Mahindra,2015,250000,60000,Diesel,Individual,Manual,First Owner
Ford,Ford Figo Petrol Titanium,2012,120000,,Petrol,Individual,Manual,
Hyundai,Hyundai i20 Active S Petrol,2019,535000,55838,Petrol,Dealer,Manual,First Owner
Mahindra,Mahindra Scorpio LX BSIV,2007,555000,90000,Diesel,Individual,Manual,Second Owner
Tata,Tata Tiago NRG Petrol,2012,550000,,Petrol,,Manual,
Maruti,Maruti Baleno Delta 1.2,2007,550000,20000,Petrol,Individual,Manual,First Owner
Toyota,Toyota Etios GD,2006,525000,92000,Diesel,Dealer,Manual,First Owner
Maruti,Maruti Ertiga SHVS VDI,2008,800000,70000,Diesel,Individual,Manual,Second Owner
Mahindra,Mahindra,2014,900000,35000,Diesel,Individual,Manual,First Owner
Chevrolet,Chevrolet Spark 1.0 LS,2012,,,Petrol,Individual,Manual,
Tata,Tata Hexa XTA,2016,1200000,50000,Diesel,Individual,Automatic,First Owner
Maruti,Maruti,2014,600000,60000,Diesel,Individual,Manual,First Owner
Maruti,Maruti S-Cross Zeta DDiS 200 SH,,,,Diesel,Individual,Manual,First Owner
Maruti,Maruti,,,,,,,First Owner
Mahindra,Mahindra Verito 1.5 D2 BSIV,2016,227000,70000,Diesel,Individual,Manual,Second Owner
Tata,Tata Indica Vista Quadrajet 90 VX,2016,285000,74300,Diesel,Dealer,Manual,First Owner
Chevrolet,Chevrolet Cruze LTZ AT,,,,Diesel,Dealer,Automatic,First Owner
Hyundai,Hyundai i20 2015-2017 Sportz Option 1.4 CRDi,2006,465000,70000,Diesel,Dealer,Manual,First Owner
Maruti,Maruti Omni Maruti Omni MPI STD BSIII 5-STR W/ IMMOBILISER,2006,2018,28000,Petrol,Dealer,Manual,First Owner
Hyundai,Hyundai,,,,,,Manual,First Owner
Hyundai,Hyundai Verna 1.6 SX CRDi (O),2011,550000,29000,Diesel,Individual,Manual,First Owner
Mahindra,Mahindra Marazzo M8 8Str,2011,1300000,10000,Diesel,Dealer,Manual,First Owner
Honda,Honda City i VTEC SV,2009,620000,36000,Petrol,Individual,Manual,First Owner
Maruti,Maruti Alto LX,2018,180000,36000,,,,First Owner
Mercedes-Benz,Mercedes-Benz,2015,2500000,79500,Diesel,Individual,Automatic,Second Owner
Hyundai,Hyundai Grand i10 Magna AT,2016,520000,10510,Petrol,Dealer,Automatic,First Owner
Nissan,Nissan Sunny XL,2019,350000,40000,Petrol,Individual,Manual,First Owner
Hyundai,Hyundai Getz GLE,2013,,52600,Diesel,Individual,Manual,First Owner
Tata,Tata,2011,125000,,Petrol,,Manual,First Owner
Toyota,Toyota,2015,1700000,5000,Diesel,Individual,Manual,First Owner
Mahindra,Mahindra,2014,825000,90000,Diesel,Dealer,Manual,Third Owner
Mahindra,Mahindra,2014,550000,100000,Diesel,Individual,Manual,First Owner
Maruti,Maruti,2014,180000,120000,Petrol,Individual,Manual,First Owner
Hyundai,Hyundai i10 Sportz 1.2,2015,265000,47564,Petrol,Dealer,Manual,Second Owner
Maruti,Maruti,2011,80000,,Petrol,Individual,Manual,Second Owner
Mahindra,Mahindra Scorpio 1.99 S10,2005,1050000,50000,Diesel,Individual,Manual,First Owner
Volkswagen,Volkswagen Polo Diesel Comfortline 1.2L,2018,225000,120000,Diesel,Individual,Manual,First Owner
Honda,Honda,2014,600000,20000,Petrol,Individual,Manual,First Owner
Maruti,Maruti SX4 Celebration Petrol,2018,220000,90000,,,,Second Owner
Honda,Honda Mobilio V i VTEC,2016,600000,45000,Petrol,Individual,Manual,First Owner
Skoda,Skoda Laura Ambiente 2.0 TDI CR MT,2016,385000,52000,Diesel,Dealer,Manual,First Owner
Hyundai,Hyundai,2015,150000,30000,Petrol,Individual,Manual,First Owner
Hyundai,Hyundai Getz GLE,2017,110000,60000,Petrol,Individual,Manual,Fourth & Above Owner
Jaguar,Jaguar XF 2.2 Litre Luxury,2004,1964999,28000,Diesel,Dealer,Automatic,First Owner
Maruti,Maruti Alto 800 VXI,2012,,,Petrol,,Manual,
Hyundai,Hyundai i10 Magna 1.2 iTech SE,,,,Petrol,Dealer,Manual,Third Owner
Maruti,Maruti Eeco 7 Seater Standard BSIV,,,,,,,First Owner
Volkswagen,Volkswagen,2015,211000,45143,Petrol,Dealer,Manual,Second Owner
Toyota,Toyota,2013,,47162,Diesel,Trustmark Dealer,Automatic,First Owner
Maruti,Maruti,2015,500000,25000,Petrol,Individual,Manual,First Owner
Audi,Audi A6 2.0 TDI Premium Plus,2007,1470000,34000,Diesel,Dealer,Automatic,Second Owner
Maruti,Maruti Esteem Vxi - BSIII,2019,85000,60000,Petrol,Individual,Manual,Second Owner
Volkswagen,Volkswagen,2015,380000,97248,Petrol,Dealer,Manual,First Owner
Mahindra,Mahindra Xylo E4,2009,229999,230000,Diesel,Individual,Manual,Third Owner
Honda,Honda City i DTEC V,2005,560000,74000,Diesel,Individual,Manual,Second Owner
Maruti,Maruti Alto K10 VXI Airbag,2017,350000,5000,Petrol,Individual,Manual,First Owner
Renault,Renault Duster 110PS Diesel RxZ,2016,450000,120000,Diesel,Individual,Manual,First Owner
Chevrolet,Chevrolet Optra Magnum 2.0 LS BSIII,2010,180000,120000,Diesel,Individual,Manual,First Owner
Toyota,Toyota Corolla Altis D-4D J,2019,715000,234000,Diesel,Individual,Manual,First Owner
Volkswagen,Volkswagen,,,,,,,Second Owner
Chevrolet,Chevrolet Enjoy TCDi LTZ 7 Seater,2004,390000,33000,Diesel,Individual,Manual,Second Owner
Honda,Honda,2014,450000,7900,Petrol,Individual,Manual,First Owner
Chevrolet,Chevrolet,2011,106000,,Diesel,,Manual,First Owner
Hyundai,Hyundai,2011,350000,,Petrol,,Manual,First Owner
Maruti,Maruti Zen VXI,2012,120000,,Petrol,,Manual,
Maruti,Maruti,2014,95000,80000,Petrol,Individual,Manual,First Owner
Chevrolet,Chevrolet,,,,,,Manual,First Owner
Mahindra,Mahindra,2014,150000,172000,Diesel,Individual,Manual,Second Owner
Maruti,Maruti Alto LXi,2006,140000,100000,Petrol,Individual,Manual,First Owner
Mercedes-Benz,Mercedes-Benz,2013,4400000,100000,Diesel,,Automatic,Second Owner
Toyota,Toyota,2013,925000,75000,Diesel,,Manual,First Owner
Tata,Tata,2014,969999,30000,Diesel,Individual,Manual,First Owner
Chevrolet,Chevrolet Beat Diesel LT,2009,150000,60000,Diesel,Individual,Manual,First Owner
Chevrolet,Chevrolet Tavera Neo LS B3 - 7(C) seats BSIII,2006,280000,350000,Diesel,Individual,Manual,Second Owner
Tata,Tata Nano Lx,2012,75000,,Petrol,,Manual,
Honda,Honda Brio 1.2 VX MT,2012,,,Petrol,,Manual,
Maruti,Maruti Baleno Alpha 1.3,2016,610000,100000,Diesel,Individual,Manual,First Owner
Mahindra,Mahindra Bolero SLX 2WD BSIII,2011,430000,70000,Diesel,Individual,Manual,Second Owner
Hyundai,Hyundai EON Era Plus,2008,200000,70000,Petrol,Individual,Manual,First Owner
Maruti,Maruti Omni BSIII 8-STR W/ IMMOBILISER,2019,150000,50000,Petrol,Individual,Manual,Second Owner
Tata,Tata Indica Vista Aqua TDI BSIII,2008,120000,70000,Diesel,Individual,Manual,First Owner
Hyundai,Hyundai Sonata CRDi M/T,2007,600000,100000,Diesel,Individual,Manual,First Owner
Maruti,Maruti,2011,60000,,Petrol,,Manual,Second Owner
Mahindra,Mahindra,2012,550000,,Diesel,Individual,Manual,First Owner
Tata,Tata,2014,100000,120000,Diesel,Individual,Manual,Second Owner
Chevrolet,Chevrolet,2014,140000,60000,Petrol,Individual,Manual,First Owner
Maruti,Maruti,,,,,,,Second Owner
Toyota,Toyota Etios Liva 1.2 G,2020,430000,42000,Petrol,Dealer,Manual,Second Owner
Maruti,Maruti Swift ZDI Plus,2018,484999,73000,,,,Second Owner
Maruti,Maruti Eeco 7 Seater Standard BSIV,2009,390000,24000,Petrol,Individual,Manual,First Owner
Chevrolet,Chevrolet,2012,125000,,Petrol,,Manual,
Mahindra,Mahindra Scorpio 1.99 S10,2017,725000,135000,Diesel,Individual,Manual,Second Owner
Toyota,Toyota,2015,1330000,91195,Diesel,Dealer,Manual,First Owner
Maruti,Maruti,2013,600000,,,,Manual,First Owner
Mercedes-Benz,Mercedes-Benz New C-Class C 220 CDI Grand Edition,,,,Diesel,Individual,Automatic,First Owner
Fiat,Fiat,2013,350000,,Diesel,,Manual,Second Owner
Maruti,Maruti,2012,400000,,Diesel,,Manual,
Audi,Audi Q5 2.0 TFSI Quattro Premium Plus,2017,1850000,62237,Petrol,Dealer,Automatic,First Owner
Honda,Honda City i-VTEC CVT ZX,,,,,,,First Owner
Tata,Tata New Safari DICOR 2.2 EX 4x2,2018,350000,65000,,,,First Owner
Maruti,Maruti,2015,300000,75000,Petrol,Individual,Manual,First Owner
Audi,Audi A6 2.0 TDI  Design Edition,2005,1735000,50000,Diesel,Dealer,Automatic,First Owner
Renault,Renault KWID RXT,2007,350000,25000,Petrol,Individual,Manual,First Owner
Maruti,Maruti Alto LXi,2018,150000,90246,Petrol,Individual,Manual,Third Owner
Maruti,Maruti,2012,625000,,Diesel,,Manual,
Ford,Ford EcoSport 1.5 Diesel Titanium BSIV,2006,925000,35000,Diesel,Individual,Manual,First Owner
Hyundai,Hyundai i20 Asta 1.2,,,,Petrol,Individual,Manual,First Owner
Tata,Tata Zest Revotron 1.2T XMS,2017,400000,54000,Petrol,Dealer,Manual,Second Owner
Maruti,Maruti,2015,170000,97000,CNG,Individual,Manual,Second Owner
Mahindra,Mahindra Bolero Power Plus SLX,2007,628000,120000,Diesel,Individual,Manual,First Owner
Fiat,Fiat,2015,350000,130000,Diesel,Individual,Manual,First Owner
Maruti,Maruti Zen Estilo Sports,2017,140000,120000,Petrol,Individual,Manual,First Owner
Maruti,Maruti Baleno Delta 1.2,,,,,,,First Owner
Skoda,Skoda Laura Ambiente 2.0 TDI CR MT,2016,385000,52000,Diesel,Dealer,Manual,First Owner
Renault,Renault Scala RxL,2009,365000,55000,Petrol,Dealer,Manual,First Owner
Chevrolet,Chevrolet Beat Diesel LS,,,,Diesel,Individual,Manual,First Owner
Maruti,Maruti Swift VDI,2012,320000,,Diesel,,Manual,
Hyundai,Hyundai Getz GLE,2015,325000,20629,Petrol,Dealer,Manual,First Owner
Toyota,Toyota,,,,,Individual,,First Owner
Mahindra,Mahindra Scorpio S2 7 Seater,2018,750000,120000,Diesel,Individual,Manual,First Owner
Datsun,Datsun GO Plus T Option BSIV,2019,375000,20000,Petrol,Individual,Manual,Second Owner
Tata,Tata Manza Club Class Quadrajet90 VX,2018,170000,60400,Diesel,Individual,Manual,First Owner
Volkswagen,Volkswagen Polo 2015-2019 1.2 MPI Highline,,,,Petrol,Dealer,Manual,First Owner
Maruti,Maruti 800 AC BSIII,2008,100000,30000,Petrol,Individual,Manual,First Owner
BMW,BMW X5 xDrive 30d xLine,2016,4950000,30000,Diesel,Dealer,Automatic,First Owner
Mahindra,Mahindra KUV 100 mFALCON D75 K6,2018,430000,20000,Diesel,Individual,Manual,First Owner
Mahindra,Mahindra Bolero SLX,2011,350000,90000,Diesel,Individual,Manual,Second Owner
Maruti,Maruti Alto LXi,2019,90000,43826,Petrol,Dealer,Manual,Second Owner
Datsun,Datsun GO T Petrol,,,,Petrol,Dealer,Manual,First Owner
Maruti,Maruti,,,,,,Manual,First Owner
Honda,Honda City i-VTEC ZX,2017,1200000,29600,Petrol,Dealer,Manual,First Owner
Hyundai,Hyundai i20 1.2 Asta,2008,700000,10000,Petrol,Individual,Manual,First Owner
Land,Land Rover Discovery Sport SD4 HSE Luxury,,,,Diesel,Dealer,Automatic,First Owner
Mahindra,Mahindra Bolero SLX 2WD BSIII,2018,390000,150000,Diesel,Individual,Manual,Fourth & Above Owner
Toyota,Toyota Innova Crysta 2.5 VX BS IV,,,,Diesel,Individual,Manual,First Owner
Ford,Ford,2014,150000,186000,Diesel,Individual,Manual,Second Owner
Maruti,Maruti Omni MPI STD BSIV,,,,Petrol,Individual,Manual,First Owner
Chevrolet,Chevrolet,2014,160000,60000,Petrol,Individual,Manual,First Owner
Maruti,Maruti Alto LX,2016,155000,19077,Petrol,Individual,Manual,Second Owner
Hyundai,Hyundai Creta 1.6 CRDi SX Option,2017,950000,60000,Diesel,Individual,Manual,First Owner
Toyota,,2013,2600000,,,Individual,Automatic,First Owner
Tata,Tata,2015,220000,120000,Diesel,Individual,Manual,Second Owner
Ford,Ford,2013,180000,,Petrol,,Manual,
Tata,Tata,2014,185000,85000,Diesel,Individual,Manual,First Owner
Hyundai,Hyundai,2011,900000,,Diesel,,Manual,First Owner
Honda,Honda Jazz VX,2016,385000,11473,Petrol,Dealer,Manual,First Owner
Audi,Audi,2013,,58500,Diesel,Dealer,Automatic,First Owner
Hyundai,Hyundai Elite i20 Sportz Plus Dual Tone BSIV,2007,750000,15000,Petrol,Individual,Manual,First Owner
Mahindra,Mahindra XUV500 W5 BSIV,2017,1050000,35000,Diesel,Individual,Manual,First Owner
Toyota,Toyota Innova 2.5 V Diesel 7-seater,2010,1075000,160000,Diesel,Individual,Manual,Second Owner
Mahindra,Mahindra Xylo D4,2007,750000,87000,Diesel,Individual,Manual,First Owner
Hyundai,Hyundai EON 1.0 Kappa Magna Plus,2011,160000,,Petrol,Individual,Manual,First Owner
Maruti,Maruti,2011,229999,,CNG,,Manual,First Owner
Maruti,Maruti Vitara Brezza ZDi Plus AMT,2005,975000,4500,Diesel,Dealer,Automatic,First Owner
Honda,Honda Mobilio V i DTEC,2012,600000,,Diesel,,Manual,
Maruti,Maruti Zen Estilo LXI BSIII,2016,100000,80000,Petrol,Individual,Manual,Third Owner
Tata,Tata,,,,,,Manual,Second Owner
Maruti,Maruti,2014,380000,5000,Petrol,Individual,Manual,First Owner
Maruti,Maruti SX4 Vxi BSIV,2016,225000,110000,Petrol,Individual,Manual,Second Owner
Maruti,Maruti Swift LXI,2017,175000,70000,Petrol,Individual,Manual,First Owner
Maruti,Maruti Swift 1.3 VXi,2018,200000,45000,Petrol,Individual,Manual,First Owner
Maruti,Maruti Wagon R AMT VXI,2012,420000,,Petrol,,Automatic,
Honda,Honda Amaze VX i-DTEC,2009,500000,30000,Diesel,Individual,Manual,First Owner
Maruti,,2012,110000,,Petrol,Individual,Manual,
Maruti,Maruti,2013,425000,61083,Diesel,,Manual,First Owner
Maruti,Maruti,2015,500000,40000,Petrol,Individual,Automatic,First Owner
Chevrolet,Chevrolet,2014,330000,124000,Diesel,Individual,Manual,Second Owner
Maruti,Maruti Alto LXi,2006,160000,60000,Petrol,Individual,Manual,Second Owner
Hyundai,,2013,1650000,55000,Diesel,Individual,Manual,First Owner
Hyundai,Hyundai Grand i10 Asta,2018,341000,31491,Petrol,Individual,Manual,First Owner
Chevrolet,Chevrolet Beat LS,2012,180000,,Petrol,Individual,Manual,
Mahindra,Mahindra KUV 100 mFALCON D75 K8 AW,2016,350000,90000,Diesel,Individual,Manual,First Owner
Renault,Renault Duster 85PS Diesel RxL,2018,610000,32000,Diesel,Individual,Manual,Second Owner
Maruti,Petrol,2013,,7104,Petrol,Trustmark Dealer,Manual,First Owner
Tata,Tata Indica GLS BS IV,,,,Petrol,Individual,Manual,First Owner
Renault,Renault,2013,275000,14365,Petrol,,Manual,First Owner
Honda,Honda,,,,,Dealer,Manual,Second Owner
Maruti,Maruti Alto LX,2012,65000,,Petrol,,Manual,
Chevrolet,Chevrolet Beat PS,2019,200000,50000,Petrol,Individual,Manual,First Owner
Maruti,Maruti Omni MPI STD BSIV,2010,200000,10000,Petrol,Dealer,Manual,First Owner
Maruti,Maruti,2015,180000,56207,Petrol,Dealer,Manual,Second Owner
Maruti,,2013,,11918,Petrol,Individual,Manual,First Owner
Tata,Tata Indica DLE,,,,Diesel,Individual,Manual,First Owner
Maruti,Maruti Eeco 5 Seater AC BSIV,2016,425000,8352,Petrol,Dealer,Manual,First Owner
Honda,Honda,2013,900000,,Diesel,Individual,Manual,First Owner
Maruti,Maruti Alto 800 LXI,2018,285000,30000,,,,First Owner
Ford,Ford Figo Aspire 1.2 Ti-VCT Trend,2017,550000,35000,Petrol,Individual,Manual,First Owner
Nissan,Nissan Terrano XE D,2010,590000,65000,Diesel,Dealer,Manual,First Owner
Maruti,Maruti Swift Dzire VDI,2007,434000,79350,Diesel,Individual,Manual,Second Owner
Mahindra,Mahindra Xylo H4 ABS,2019,850000,40000,Diesel,Individual,Manual,First Owner
Skoda,,2012,860000,,Diesel,Individual,Automatic,
Hyundai,Hyundai,2014,55000,60000,Petrol,Individual,Manual,Third Owner
Maruti,Maruti,2015,325000,60000,Diesel,Individual,Manual,First Owner
Mahindra,,2015,400000,50000,Diesel,Individual,Manual,Second Owner
Renault,Renault,2014,650000,100000,Diesel,Individual,Manual,First Owner
Maruti,Maruti,2013,150000,,Petrol,,Manual,
Hyundai,Hyundai,2015,260000,125000,Diesel,Individual,Manual,Third Owner
Hyundai,Hyundai i20 Asta 1.4 CRDi,2008,430000,80000,Diesel,Individual,Manual,First Owner
Hyundai,Hyundai i20 Asta,2009,280000,110000,Petrol,Individual,Manual,Second Owner
Maruti,Maruti Ciaz ZDi SHVS,2009,685000,60000,Diesel,Individual,Manual,First Owner
Chevrolet,Chevrolet,2014,150000,66000,Diesel,Individual,Manual,First Owner
Hyundai,,2013,250000,,LPG,Individual,Manual,
Honda,Honda Mobilio E i DTEC,2017,660000,116000,Diesel,Individual,Manual,First Owner
Tata,Tata Indigo LX,2017,140000,60000,Diesel,Individual,Manual,Second Owner
Maruti,Maruti,2013,,46507,Diesel,Trustmark Dealer,Manual,First Owner
Hyundai,Hyundai Verna 1.6 SX,1998,600000,100000,Diesel,Individual,Manual,First Owner
Mahindra,Mahindra,2011,585000,,Diesel,,Manual,First Owner
Chevrolet,Chevrolet Beat Diesel LS,2017,160000,50000,Diesel,Individual,Manual,First Owner
Maruti,Maruti Alto LX,2017,100000,52000,Petrol,Individual,Manual,Second Owner
Hyundai,Hyundai Creta 1.6 SX Option,2007,1025000,9000,Petrol,Dealer,Manual,First Owner
Renault,Renault Duster 85PS Diesel RxL,2016,450000,1000,Diesel,Dealer,Manual,Second Owner
Ford,Ford Figo Aspire Facelift,2011,624000,,Diesel,,Manual,First Owner
Hyundai,Hyundai,2014,250000,88600,LPG,Individual,Manual,First Owner
Hyundai,Hyundai,2015,350000,90000,Petrol,Individual,Manual,Second Owner
Maruti,Maruti Vitara Brezza VDi Option,2017,725000,26350,Diesel,Individual,Manual,First Owner
Jaguar,Jaguar,2013,2050000,66363,Petrol,,Automatic,Second Owner
Tata,Tata Indica Vista TDI LS,2019,170000,107500,Diesel,Dealer,Manual,First Owner
Hyundai,Hyundai Verna CRDi,2018,270000,80000,Diesel,Individual,Manual,Second Owner
Mahindra,Mahindra KUV 100 D75 K2,2012,,,Diesel,,Manual,
Maruti,Maruti Baleno Zeta,,,,,Dealer,,First Owner
Hyundai,Hyundai Accent CRDi,2017,100000,120000,Diesel,Individual,Manual,Second Owner
Tata,Tata Nexon 1.2 Revotron XM,2009,430000,30000,Petrol,Individual,Manual,First Owner
Hyundai,Hyundai,2013,295000,21000,Petrol,,Manual,Second Owner
Maruti,Maruti,2014,750000,,,,Manual,First Owner
Maruti,Maruti Ritz VDi,2012,,,Diesel,,Manual,
Hyundai,Hyundai Verna SX,2018,155000,65000,,,,First Owner
Audi,Audi Q3 2.0 TDI Quattro Premium Plus,2017,1750000,127643,Diesel,Dealer,Automatic,First Owner
Hyundai,Hyundai i20 Asta 1.4 CRDi (Diesel),2016,250000,72000,Diesel,Individual,Manual,Second Owner
Hyundai,Hyundai i20 Magna 1.2,2008,540000,5000,Petrol,Individual,Manual,First Owner
Maruti,Maruti,2013,135000,50000,Petrol,,Manual,First Owner
Tata,Tata Indigo Grand Petrol,2004,250000,100000,Petrol,Individual,Manual,First Owner
Maruti,Maruti,2014,190000,70000,Petrol,Individual,Manual,First Owner
Maruti,Maruti Esteem Vxi - BSIII,2009,140000,70000,Petrol,Individual,Manual,Third Owner
Nissan,Nissan Terrano XL,2007,650000,76000,Petrol,Individual,Manual,Second Owner
Tata,Tata Nano LX,2016,60000,40000,Petrol,Individual,Manual,First Owner
Maruti,Maruti Wagon R LXI BS IV,2016,222000,70000,Petrol,Individual,Manual,First Owner
Ford,,2013,325000,,Diesel,Individual,Manual,
Mahindra,Mahindra,2015,450000,5000,Petrol,Individual,Manual,First Owner
Mahindra,Mahindra XUV500 W8 4WD,2017,650000,71042,Diesel,Dealer,Manual,First Owner
Chevrolet,Chevrolet,2013,239000,,,Individual,Manual,First Owner
Ford,,2013,400000,,Diesel,Individual,Manual,
Hyundai,,2011,755000,,Diesel,Individual,Manual,First Owner
Mahindra,Mahindra,2011,850000,,Diesel,,Manual,First Owner
Tata,Tata,,,,,,Manual,First Owner
Hyundai,Hyundai,2015,1150000,26430,Diesel,Dealer,Manual,First Owner
Maruti,Maruti Wagon R VXI BS IV with ABS,2005,290000,64000,Petrol,Individual,Manual,Second Owner
Tata,Tata,2014,75000,29900,Petrol,Individual,Manual,First Owner
Maruti,Maruti S-Cross Facelift,2010,800000,40000,Diesel,Individual,Manual,First Owner
Hyundai,Hyundai Getz GLE,2015,550000,50000,Diesel,Individual,Manual,First Owner
Maruti,Maruti Swift ZXI BSIV,2016,670000,7104,Petrol,Trustmark Dealer,Manual,First Owner
Toyota,,2015,919999,75000,Diesel,Individual,Manual,First Owner
Maruti,Maruti Ertiga VXI,,,,,,,First Owner
Mahindra,Mahindra,2013,509999,60000,Diesel,,Manual,First Owner
Honda,Honda Brio 1.2 S MT,2017,400000,15000,Petrol,Individual,Manual,First Owner
Mahindra,Mahindra,2015,711000,53600,Diesel,Dealer,Manual,First Owner
Datsun,Datsun,2011,250000,,Petrol,,Manual,Second Owner
Honda,Honda Mobilio V i DTEC,2010,300000,150000,Diesel,Individual,Manual,First Owner
Hyundai,Hyundai Santro LE zipPlus,2017,68000,70000,Petrol,Individual,Manual,First Owner
Honda,,2013,900000,,Petrol,Individual,Manual,
Maruti,Maruti Swift DDiS LDI,2017,550000,54000,Diesel,Dealer,Manual,First Owner
Tata,Tata,2013,225000,120000,Diesel,,Manual,First Owner
Maruti,Maruti Swift VDI BSIV,2019,195000,112880,Diesel,Dealer,Manual,First Owner
Datsun,Datsun RediGO 1.0 S,2007,210000,15000,Petrol,Dealer,Manual,Second Owner
Honda,Honda City VTEC,,,,,,,Fourth & Above Owner
Chevrolet,Chevrolet Beat LS,2012,225000,,Petrol,,Manual,
Ford,Ford,2013,600000,,Diesel,,Manual,
Tata,Tata Nexon 1.5 Revotorq XZ,,,,Diesel,Dealer,Manual,First Owner
BMW,BMW X1 sDrive 20d xLine,2007,2750000,13000,Diesel,Individual,Automatic,First Owner
Maruti,Maruti,2013,565000,65000,Diesel,,Manual,First Owner
Hyundai,Hyundai,,,,,,,First Owner
Skoda,Skoda,2015,599000,61624,Petrol,Dealer,Automatic,Second Owner
Ford,Ford,2015,350000,100000,Petrol,Individual,Manual,First Owner
Chevrolet,Chevrolet Beat LT,2009,320000,40000,Petrol,Individual,Manual,First Owner
Nissan,Nissan Terrano XL Plus 85 PS,,,,,,,Second Owner
Hyundai,Hyundai,2011,500000,,Petrol,,Manual,First Owner
Toyota,Toyota Innova 2.5 VX (Diesel) 8 Seater,2018,1500000,46412,Diesel,Individual,Manual,First Owner
Toyota,Toyota,2014,625000,80000,Diesel,Individual,Manual,Second Owner
Mahindra,Mahindra,2012,600000,,Diesel,,Manual,
Tata,Tata Indica Vista TDI LS,2017,250000,25000,Diesel,Individual,Manual,First Owner
Hyundai,Hyundai,2011,345000,,Petrol,,Manual,First Owner
Honda,Honda Amaze S i-Dtech,2019,300000,66755,Diesel,Dealer,Manual,First Owner
Hyundai,Hyundai,2011,350000,,Diesel,,Manual,Second Owner
Tata,Tata Indigo CR4,2017,170000,60000,Diesel,Individual,Manual,First Owner
Volvo,Volvo V40 D3 R Design,2007,1975000,21000,Diesel,Dealer,Automatic,First Owner
Toyota,Toyota,2015,1700000,75000,Diesel,Individual,Automatic,First Owner
Hyundai,Hyundai,2014,229999,60000,LPG,Individual,Manual,Second Owner
Maruti,Maruti,2014,135000,90000,Petrol,Individual,Manual,First Owner
Maruti,Maruti,2015,500000,20000,Petrol,Individual,Manual,First Owner
Skoda,Skoda Fabia 1.2L Diesel Ambiente,2010,180000,87000,Diesel,Dealer,Manual,Second Owner
Chevrolet,Chevrolet,2013,,41000,Petrol,Dealer,Manual,First Owner
Audi,Audi A6 2.0 TDI Premium Plus,2016,1300000,58500,Diesel,Dealer,Automatic,First Owner
Honda,Honda,2013,325000,65000,Diesel,,Manual,First Owner
Maruti,Maruti Alto LXi,2006,151000,66764,Petrol,Dealer,Manual,Second Owner
Mahindra,Mahindra XUV500 W11 Option AT AWD,2012,1850000,,Diesel,Individual,Automatic,
Renault,Renault,2013,450000,,,,Manual,Second Owner
Maruti,Maruti,2015,80000,70000,Petrol,Individual,Manual,First Owner
Maruti,Maruti Wagon R LXI,2012,,,Petrol,,Manual,
Renault,Renault Duster 110PS Diesel RxZ,2009,434999,110000,Diesel,Individual,Manual,Second Owner
Toyota,Toyota,2015,2800000,20000,Diesel,Individual,Automatic,First Owner
Hyundai,Hyundai,2015,530000,89000,Petrol,Individual,Manual,Second Owner
Maruti,Maruti SX4 Celebration Diesel,2010,285000,80000,Diesel,Individual,Manual,Second Owner
Maruti,Maruti,2014,114999,30000,Petrol,Individual,Manual,First Owner
Tata,Tata,2015,68000,120000,Petrol,Individual,Manual,Second Owner
Maruti,Maruti,2012,275000,,Diesel,,Manual,
Ford,Ford Endeavour 4x4 XLT,2012,275000,,Diesel,,Manual,
Tata,Tata Nano Cx BSIV,2018,75000,35000,Petrol,Individual,Manual,Second Owner
Honda,Honda Mobilio V i DTEC,2010,300000,150000,Diesel,Individual,Manual,First Owner
Tata,Tata,2012,350000,,Petrol,,Automatic,
Honda,Honda Brio E MT,2012,300000,,Petrol,Individual,Manual,
Honda,Honda Jazz 1.5 VX i DTEC,2018,450000,38000,,,,First Owner
Tata,Tata Indigo LS Dicor,2012,220000,,Diesel,Individual,Manual,
Maruti,Maruti,,,,,,,Second Owner
Maruti,Maruti Swift VDI,2018,390000,90000,Diesel,Individual,Manual,First Owner
Maruti,Maruti,2015,250000,60000,Petrol,Individual,Manual,Third Owner
Tata,Tata Tigor 1.2 Revotron XT,2018,450000,8500,Petrol,Individual,Manual,First Owner
Honda,Honda Amaze S i-VTEC,2007,495000,11958,Petrol,Dealer,Manual,First Owner
Hyundai,Hyundai EON Magna Plus,2017,220000,42000,Petrol,Individual,Manual,First Owner
Skoda,Skoda Laura Elegance 1.9 TDI  AT,,,,,,,Second Owner
Renault,Renault KWID RXT Optional,2017,250000,25000,Petrol,Individual,Manual,First Owner
Audi,Audi A6 2.0 TDI Premium Plus,,,,,,,First Owner
Maruti,Maruti,2015,330000,55425,Petrol,Dealer,Manual,First Owner
Hyundai,Hyundai i20 Active 1.2 SX,2012,600000,,Petrol,,Manual,
Maruti,Maruti,2015,299000,54565,Petrol,Dealer,Manual,First Owner
Mahindra,Mahindra,2014,311000,140000,Diesel,Individual,Manual,First Owner
Maruti,Maruti,,,,,,,First Owner
